{"metals": {"aspect_differences": [5.9215457997557, 6.502338563897615], "mms": [29.968536301245685, 0.12272038894923051], "dif": [6.13095409218449, 0.015215264464277567], "distances": {"path1": [20.45796975386365, 14.32701566167916], "path2": [12.398318319030205, 12.383103054565927]}}, "Ns": {"aspect_differences": [5.9215457997557, 6.502338563897615], "mms": [3.488576940715972, 0.20139509376956052], "dif": [0.561437462555654, 0.019355301586260865], "distances": {"path1": [16.093595528967416, 15.532158066411762], "path2": [9.591256965069801, 9.610612266656062]}}, "Cs": {"aspect_differences": [5.9215457997557, 6.502338563897615], "mms": [2.6934203796311786, 0.537437196473466], "dif": [0.39129827044931176, 0.039000373617080974], "distances": {"path1": [14.527931599852746, 14.136633329403434], "path2": [7.217730993878894, 7.256731367495975]}}}