{"metals": {"aspect_differences": [1.622049405121123, 2.3491275629183495], "mms": [38.64589383153722], "dif": [6.315223049102924], "distances": {"0": [16.341252389275432, 10.026029340172508]}}, "Ns": {"aspect_differences": [1.622049405121123, 2.3491275629183495], "mms": [6.144858262243721], "dif": [0.7327532037187563], "distances": {"0": [11.924655906566025, 11.191902702847269]}}, "Cs": {"aspect_differences": [1.622049405121123, 2.3491275629183495], "mms": [5.090765755358211], "dif": [0.5258793307934475], "distances": {"0": [10.330063414132558, 9.804184083339111]}}}