{"metals": {"aspect_differences": [5.786939756659521, 5.899169540683875], "mms": [3.478657184736478, 3.065893883494474], "dif": [0.4999075182420807, 0.4400849781082101], "distances": {"path1": [13.8707962244422, 14.370703742684281], "path2": [13.9141293173522, 14.35421429546041]}}, "Ns": {"aspect_differences": [5.786939756659521, 5.899169540683875], "mms": [37.33168937119332, 37.595023804540446], "dif": [5.804851805735328, 5.881257491608068], "distances": {"path1": [9.744543101141273, 15.549394906876602], "path2": [9.76245515021708, 15.643712641825148]}}, "Cs": {"aspect_differences": [5.786939756659521, 5.899169540683875], "mms": [48.36067116689712, 48.48501514236397], "dif": [6.8454486858900765, 6.905702603542986], "distances": {"path1": [7.309542385813218, 14.154991071703295], "path2": [7.337260058768532, 14.242962662311518]}}}