{"metals": {"aspect_differences": [0.5316157475386856, 0.5729452385420757], "mms": [11.764750285552912, 10.661709867188408, 10.392031807346802, 11.49840188200436], "dif": [1.760555868627815, 1.5954895276728323, 1.5504528772232682, 1.715519218178251], "distances": {"0": [13.204112533979709, 14.964668402607524], "1": [14.964668402607524, 13.369178874934692], "2": [13.369178874934692, 14.91963175215796], "3": [14.91963175215796, 13.204112533979709]}}, "Ns": {"aspect_differences": [0.5316157475386856, 0.5729452385420757], "mms": [4.782459035118093, 4.362991789331782, 4.286158025896507, 4.705962267242743], "dif": [0.5827264083430315, 0.5316157475386856, 0.5218345777377298, 0.5729452385420757], "distances": {"0": [11.601934329240104, 12.184660737583135], "1": [12.184660737583135, 11.65304499004445], "2": [11.65304499004445, 12.17487956778218], "3": [12.17487956778218, 11.601934329240104]}}, "Cs": {"aspect_differences": [0.5316157475386856, 0.5729452385420757], "mms": [3.5998118018052168, 3.8057852419116793, 3.8423923838314935, 3.6364973278458703], "dif": [0.365674983886926, 0.3874259085013172, 0.39115248641216027, 0.36940156179776906], "distances": {"0": [10.158169482736543, 9.792494498849617], "1": [9.792494498849617, 10.179920407350934], "2": [10.179920407350934, 9.788767920938774], "3": [9.788767920938774, 10.158169482736543]}}}