{"metals": {"aspect_differences": [3.5745892266497545, 3.600371594350751], "mms": [14.185864468228862, 13.944242530345358], "dif": [2.466998875829592, 2.41620129731659], "distances": {"path1": [14.923544233860802, 17.390543109690395], "path2": [14.91138958514598, 17.32759088246257]}}, "Ns": {"aspect_differences": [3.5745892266497545, 3.600371594350751], "mms": [22.6724928203258, 22.741981062622678], "dif": [3.5796371360349326, 3.5953236849655728], "distances": {"path1": [12.208821435339285, 15.788458571374218], "path2": [12.213869344724463, 15.809193029690036]}}, "Cs": {"aspect_differences": [3.5745892266497545, 3.600371594350751], "mms": [31.62842749437285, 31.685809768614032], "dif": [4.538521966932182, 4.553762817458013], "distances": {"path1": [9.810980447437453, 14.349502414369635], "path2": [9.817852901729584, 14.371615719187597]}}}