{"metals": {"aspect_differences": [2.603845196991946, 3.0954395775633294], "mms": [35.65056486450535], "dif": [5.793730459879518], "distances": {"0": [10.457710385165578, 16.251440845045096]}}, "Ns": {"aspect_differences": [2.603845196991946, 3.0954395775633294], "mms": [4.007465703113092], "dif": [0.48012514251295], "distances": {"0": [11.500642207285644, 11.980767349798594]}}, "Cs": {"aspect_differences": [2.603845196991946, 3.0954395775633294], "mms": [3.361734932284118], "dif": [0.350873333943845], "distances": {"0": [10.086396141833813, 10.437269475777658]}}}