{"metals": {"aspect_differences": [3.4664340542608816, 3.6708573684760353], "mms": [28.0713344491001], "dif": [5.643679541469314], "distances": {"0": [20.104778245233145, 14.461098703763831]}}, "Ns": {"aspect_differences": [3.4664340542608816, 3.6708573684760353], "mms": [1.2346443252052572], "dif": [0.1961628971314635], "distances": {"0": [15.888211133101171, 15.692048235969708]}}, "Cs": {"aspect_differences": [3.4664340542608816, 3.6708573684760353], "mms": [1.4754832750281899], "dif": [0.21347343755724246], "distances": {"0": [14.468035061472584, 14.254561623915341]}}}