{"metals": {"aspect_differences": [1.7282557716002795, 1.9207514867043436], "mms": [25.673544277669208, 0.21996015262977842], "dif": [3.573301729144152, 0.02891582646988411], "distances": {"path1": [10.344923547808365, 13.918225276952517], "path2": [13.145938536673599, 13.117022710203715]}}, "Ns": {"aspect_differences": [1.7282557716002795, 1.9207514867043436], "mms": [1.4951104538555142, 0.4115748403013906], "dif": [0.14521357405275914, 0.047282141051304905], "distances": {"path1": [9.567351385832968, 9.712564959885727], "path2": [11.440820731486006, 11.488102872537311]}}, "Cs": {"aspect_differences": [1.7282557716002795, 1.9207514867043436], "mms": [0.9193732232038263, 0.4286523039735129], "dif": [0.06702630942721566, 0.043009509083994146], "distances": {"path1": [7.223408927923159, 7.2904352373503745], "path2": [9.990649166095265, 10.03365867517926]}}}