{"metals": {"aspect_differences": [4.3528653497288206, 4.105643870114889], "mms": [23.11902103004082], "dif": [3.768728641933235], "distances": {"0": [16.301419670997984, 12.532691029064749]}}, "Ns": {"aspect_differences": [4.3528653497288206, 4.105643870114889], "mms": [1.9976183619455172], "dif": [0.24217876158554752], "distances": {"0": [12.123374824692998, 11.881196063107451]}}, "Cs": {"aspect_differences": [4.3528653497288206, 4.105643870114889], "mms": [1.5147158490893198], "dif": [0.1473990530306537], "distances": {"0": [9.731135586867547, 9.583736533836893]}}}