{"metals": {"aspect_differences": [3.9316888342130527, 3.8068302469809154], "mms": [32.27446228680071, 0.04282108813788929], "dif": [4.717276176584079, 0.00531883649455267], "distances": {"path1": [14.616126318898589, 9.89885014231451], "path2": [12.421068043449404, 12.415749206954851]}}, "Ns": {"aspect_differences": [3.9316888342130527, 3.8068302469809154], "mms": [33.03475273378918, 32.22875818037395], "dif": [3.9316888342130527, 3.8068302469809154], "distances": {"path1": [11.90167477836628, 7.969985944153227], "path2": [8.00507459178239, 11.811904838763306]}}, "Cs": {"aspect_differences": [3.9316888342130527, 3.8068302469809154], "mms": [34.099736301077314, 33.324472666306555], "dif": [3.2732331550317237, 3.176884770802074], "distances": {"path1": [9.59899843837887, 6.325765283347145], "path2": [6.35630365385418, 9.533188424656254]}}}