{"metals": {"aspect_differences": [2.509765355359722, 2.596070118064569], "mms": [19.9623389684186, 19.860137676594025], "dif": [3.388095174207903, 3.395303194284425], "distances": {"path1": [13.584340668946728, 16.97243584315463], "path2": [13.700767586161005, 17.09607078044543]}}, "Ns": {"aspect_differences": [2.509765355359722, 2.596070118064569], "mms": [17.540873437228914, 17.800918340017294], "dif": [2.5281309645298347, 2.577704508894456], "distances": {"path1": [11.88466879471195, 14.412799759241784], "path2": [11.903034403882062, 14.480738912776518]}}, "Cs": {"aspect_differences": [2.509765355359722, 2.596070118064569], "mms": [14.489013851073688, 14.706139530317126], "dif": [1.7529893909026235, 1.7849501917972717], "distances": {"path1": [10.345759419201666, 12.09874881010429], "path2": [10.352498851968061, 12.137449043765333]}}}