{"metals": {"aspect_differences": [1.776214042894706, 1.9215390020349314], "mms": [4.732213844871529, 4.967044508010032, 5.832040046235978, 5.5993468255752115], "dif": [0.6214961338480549, 0.6523371638678039, 0.7729753433795192, 0.7421343133597702], "distances": {"0": [12.511810056902238, 13.133306190750293], "1": [13.133306190750293, 12.480969026882489], "2": [12.480969026882489, 13.253944370262008], "3": [13.253944370262008, 12.511810056902238]}}, "Ns": {"aspect_differences": [1.776214042894706, 1.9215390020349314], "mms": [15.623641870818172, 15.574042669576778, 16.59543683176297, 16.644435976621246], "dif": [1.7818708142051776, 1.776214042894706, 1.9158822307244598, 1.9215390020349314], "distances": {"0": [9.6230937192776, 11.404964533482778], "1": [11.404964533482778, 9.628750490588072], "2": [9.628750490588072, 11.544632721312531], "3": [11.544632721312531, 9.6230937192776]}}, "Cs": {"aspect_differences": [1.776214042894706, 1.9215390020349314], "mms": [27.175462787215842, 27.119861331009194, 27.87196372740617, 27.926991392327288], "dif": [2.705362695056672, 2.6998274772541233, 2.8036332277059284, 2.809168445508477], "distances": {"0": [7.249804273909745, 9.955166968966417], "1": [9.955166968966417, 7.255339491712293], "2": [7.255339491712293, 10.058972719418222], "3": [10.058972719418222, 7.249804273909745]}}}