{"metals": {"aspect_differences": [3.860197380656773, 3.8597625594975575], "mms": [31.491642648773, 31.5200173958606, 31.54064734638372, 31.512281147336097], "dif": [4.573036585621921, 4.577157004425937, 4.581532978693092, 4.577412559889076], "distances": {"0": [9.948392596796731, 14.521429182418652], "1": [14.521429182418652, 9.944272177992715], "2": [9.944272177992715, 14.525805156685808], "3": [14.525805156685808, 9.948392596796731]}}, "Ns": {"aspect_differences": [3.860197380656773, 3.8597625594975575], "mms": [32.530919220942565, 32.55066446464813, 32.56150767388574, 32.54176560444138], "dif": [3.857855783663709, 3.860197380656773, 3.8621041564906218, 3.8597625594975575], "distances": {"0": [8.001187477493575, 11.859043261157284], "1": [11.859043261157284, 7.998845880500511], "2": [7.998845880500511, 11.860950036991133], "3": [11.860950036991133, 8.001187477493575]}}, "Cs": {"aspect_differences": [3.860197380656773, 3.8597625594975575], "mms": [33.781290899449004, 33.792673217214826, 33.80147350591379, 33.79009270108751], "dif": [3.2339967850166094, 3.2350864526427, 3.2363591113096417, 3.235269443683551], "distances": {"0": [6.339340109191177, 9.573336894207786], "1": [9.573336894207786, 6.338250441565086], "2": [6.338250441565086, 9.574609552874728], "3": [9.574609552874728, 6.339340109191177]}}}