{"metals": {"aspect_differences": [1.9963744282785374, 2.2091106280656945], "mms": [35.06266725447645, 35.16093205394828, 36.16790957843541, 36.07117087191419], "dif": [5.563940136515859, 5.579533344466066, 5.829866404686014, 5.814273196735806], "distances": {"0": [10.304619138037078, 15.868559274552936], "1": [15.868559274552936, 10.28902593008687], "2": [10.28902593008687, 16.118892334772884], "3": [16.118892334772884, 10.304619138037078]}}, "Ns": {"aspect_differences": [1.9963744282785374, 2.2091106280656945], "mms": [17.242435355335978, 17.316153324701002, 18.87294046992701, 18.800610476468936], "dif": [1.9878755044017762, 1.9963744282785374, 2.2176095519424557, 2.2091106280656945], "distances": {"0": [9.54109626458092, 11.528971768982696], "1": [11.528971768982696, 9.532597340704159], "2": [9.532597340704159, 11.750206892646615], "3": [11.750206892646615, 9.54109626458092]}}, "Cs": {"aspect_differences": [1.9963744282785374, 2.2091106280656945], "mms": [28.098856978647575, 28.1607815591349, 29.413782904396037, 29.35293839666478], "dif": [2.8157602647284348, 2.821965669214414, 2.9998503922614113, 2.993644987775432], "distances": {"0": [7.205146517594211, 10.020906782322646], "1": [10.020906782322646, 7.198941113108232], "2": [7.198941113108232, 10.198791505369643], "3": [10.198791505369643, 7.205146517594211]}}}