{"metals": {"aspect_differences": [0.4447382116571461, 0.4380266482610775], "mms": [17.196005619075187, 18.73822921426723], "dif": [2.736049094969969, 2.995846251058186], "distances": {"path1": [15.910957204706447, 13.174908109736478], "path2": [15.987883469677906, 12.99203721861972]}}, "Ns": {"aspect_differences": [0.4447382116571461, 0.4380266482610775], "mms": [4.209782298767166, 3.0199564567515935], "dif": [0.5153827216668176, 0.367382138251406], "distances": {"path1": [11.727120217683453, 12.24250293935027], "path2": [11.797764727693124, 12.16514686594453]}}, "Cs": {"aspect_differences": [0.4447382116571461, 0.4380266482610775], "mms": [4.247179214803724, 5.086987896875335], "dif": [0.43580772820573266, 0.5241894476287641], "distances": {"path1": [10.261109931191653, 9.82530220298592], "path2": [10.304515329213693, 9.780325881584929]}}}