{"metals": {"aspect_differences": [0.5316157475386856, 0.5729452385420757], "mms": [11.764750285552912, 10.392031807346802], "dif": [1.760555868627815, 1.5504528772232682], "distances": {"path1": [13.204112533979709, 14.964668402607524], "path2": [13.369178874934692, 14.91963175215796]}}, "Ns": {"aspect_differences": [0.5316157475386856, 0.5729452385420757], "mms": [4.782459035118093, 4.286158025896507], "dif": [0.5827264083430315, 0.5218345777377298], "distances": {"path1": [11.601934329240104, 12.184660737583135], "path2": [11.65304499004445, 12.17487956778218]}}, "Cs": {"aspect_differences": [0.5316157475386856, 0.5729452385420757], "mms": [3.5998118018052168, 3.8423923838314935], "dif": [0.365674983886926, 0.39115248641216027], "distances": {"path1": [10.158169482736543, 9.792494498849617], "path2": [10.179920407350934, 9.788767920938774]}}}