{"metals": {"aspect_differences": [2.5439472136122987, 2.644421739354426], "mms": [18.32420394338562, 42.82094963292348], "dif": [3.1105805794630985, 8.003458618463018], "distances": {"path1": [13.864675694007415, 16.975256273470514], "path2": [10.687062463090594, 18.690521081553612]}}, "Ns": {"aspect_differences": [2.5439472136122987, 2.644421739354426], "mms": [16.87665872903669, 18.9519666635474], "dif": [2.4341163447350667, 2.754252608231658], "distances": {"path1": [11.988859102099749, 14.422975446834815], "path2": [11.77855370748039, 14.532806315712048]}}, "Cs": {"aspect_differences": [2.5439472136122987, 2.644421739354426], "mms": [13.864719767715291, 15.780892718960315], "dif": [1.6769515154356416, 1.9222362564054265], "distances": {"path1": [10.41814700462611, 12.095098520061752], "path2": [10.258546482811296, 12.180782739216722]}}}