{"metals": {"aspect_differences": [0.4116613765409607, 0.7419495628135309], "mms": [38.642949304583354, 16.802741098597952, 8.067393094770543, 32.200727560858176], "dif": [6.327058163381556, 2.751133703515263, 1.195375149483981, 4.771299609350274], "distances": {"0": [10.046066241569383, 16.37312440495094], "1": [16.37312440495094, 13.621990701435676], "2": [13.621990701435676, 14.817365850919657], "3": [14.817365850919657, 10.046066241569383]}}, "Ns": {"aspect_differences": [0.4116613765409607, 0.7419495628135309], "mms": [6.794870688068004, 3.364770699574784, 2.6537103576144414, 6.109049672266796], "dif": [0.8313154359140693, 0.4116613765409607, 0.32229550344042224, 0.7419495628135309], "distances": {"0": [11.40314014208367, 12.234455577997739], "1": [12.234455577997739, 11.822794201456778], "2": [11.822794201456778, 12.1450897048972], "3": [12.1450897048972, 11.40314014208367]}}, "Cs": {"aspect_differences": [0.4116613765409607, 0.7419495628135309], "mms": [1.7455703886800216, 4.6711377745742135, 5.297739707255719, 2.3914022390946927], "dif": [0.17465442119109298, 0.48171772190661777, 0.5463369367789799, 0.2392736360634551], "distances": {"0": [10.005578825335395, 9.830924404144302], "1": [9.830924404144302, 10.31264212605092], "2": [10.31264212605092, 9.76630518927194], "3": [9.76630518927194, 10.005578825335395]}}}