{"metals": {"aspect_differences": [3.462612909431991, 3.749474243053845], "mms": [11.300399041004768, 9.793865688234526], "dif": [1.8439701250298786, 1.597468779665384], "distances": {"path1": [16.31774345612775, 14.473773331097872], "path2": [16.310911651406858, 14.713442871741474]}}, "Ns": {"aspect_differences": [3.462612909431991, 3.749474243053845], "mms": [22.07341420404646, 23.53768311805082], "dif": [3.4569567755876918, 3.755130376898144], "distances": {"path1": [12.204221615899968, 15.66117839148766], "path2": [12.198565482055669, 15.953695858953813]}}, "Cs": {"aspect_differences": [3.462612909431991, 3.749474243053845], "mms": [31.022261526842538, 32.250770704957645], "dif": [4.413294077375596, 4.669251278447327], "distances": {"path1": [9.812922388361175, 14.226216465736771], "path2": [9.808701267752014, 14.47795254619934]}}}