{"metals": {"aspect_differences": [1.7282557716002795, 1.9207514867043436], "mms": [25.673544277669208], "dif": [3.573301729144152], "distances": {"0": [10.344923547808365, 13.918225276952517]}}, "Ns": {"aspect_differences": [1.7282557716002795, 1.9207514867043436], "mms": [1.4951104538555142], "dif": [0.14521357405275914], "distances": {"0": [9.567351385832968, 9.712564959885727]}}, "Cs": {"aspect_differences": [1.7282557716002795, 1.9207514867043436], "mms": [0.9193732232038263], "dif": [0.06702630942721566], "distances": {"0": [7.223408927923159, 7.2904352373503745]}}}