{"metals": {"aspect_differences": [0.42479112424963716, 1.1068135095999576], "mms": [39.859212387290164, 0.29047648776338775], "dif": [6.414540295527258, 0.04366537897741907], "distances": {"path1": [9.678452795256069, 16.092993090783327], "path2": [14.988662818610605, 15.032328197588024]}}, "Ns": {"aspect_differences": [0.42479112424963716, 1.1068135095999576], "mms": [5.487643952419571, 0.26883254273984664], "dif": [0.648998057361629, 0.03302432798869148], "distances": {"path1": [11.17753556961462, 11.826533626976248], "path2": [12.251324751225885, 12.284349079214577]}}, "Cs": {"aspect_differences": [0.42479112424963716, 1.1068135095999576], "mms": [4.737342632296504, 0.17353417255298345], "dif": [0.4901016767041515, 0.01709702832150306], "distances": {"path1": [9.855396100106784, 10.345497776810936], "path2": [9.835157470015414, 9.852254498336917]}}}