{"metals": {"aspect_differences": [4.10685952736247, 4.114981212564437], "mms": [3.609063754895291, 3.55169901382292], "dif": [0.45860098070393107, 0.45136078696701176], "distances": {"path1": [12.248322804776171, 12.706923785480102], "path2": [12.256945440851077, 12.708306227818088]}}, "Ns": {"aspect_differences": [4.10685952736247, 4.114981212564437], "mms": [34.359722792645016, 34.29706123397172], "dif": [4.114608312666526, 4.1072324272603815], "distances": {"path1": [7.8604833884437415, 11.975091701110268], "path2": [7.868232173747797, 11.975464601008179]}}, "Cs": {"aspect_differences": [4.10685952736247, 4.114981212564437], "mms": [35.17583684480782, 35.11952069721317], "dif": [3.3933279815951947, 3.387961980970517], "distances": {"path1": [6.253430378600213, 9.646758360195408], "path2": [6.258986250983461, 9.646948231953978]}}}