{"metals": {"aspect_differences": [3.3883268405942406, 3.802486283589504], "mms": [34.344006549552425, 34.26682981082399, 35.81194670058579, 35.88730933112254], "dif": [6.794041436934659, 6.778774087153208, 7.254968579765238, 7.27023592954669], "distances": {"0": [12.988279030341165, 19.782320467275824], "1": [19.782320467275824, 13.003546380122616], "2": [13.003546380122616, 20.258514959887854], "3": [20.258514959887854, 12.988279030341165]}}, "Ns": {"aspect_differences": [3.3883268405942406, 3.802486283589504], "mms": [21.76825121269796, 21.72724567783426, 23.721726478422777, 23.76168714457435], "dif": [3.394721583694759, 3.3883268405942406, 3.7960915404889857, 3.802486283589504], "distances": {"0": [12.200107557722598, 15.594829141417357], "1": [15.594829141417357, 12.206502300823116], "2": [12.206502300823116, 16.002593841312102], "3": [16.002593841312102, 12.200107557722598]}}, "Cs": {"aspect_differences": [3.3883268405942406, 3.802486283589504], "mms": [30.904460472442487, 30.875147307474677, 32.48536234574476, 32.51399268106141], "dif": [4.385497986020509, 4.381338300849986, 4.719779859862685, 4.723939545033208], "distances": {"0": [9.805003705251721, 14.19050169127223], "1": [14.19050169127223, 9.809163390422244], "2": [9.809163390422244, 14.528943250284929], "3": [14.528943250284929, 9.805003705251721]}}}