{"metals": {"aspect_differences": [6.1121831918159195, 5.99672185822568], "mms": [28.465733062300608, 4.40533958982322], "dif": [4.961574414834502, 0.6385171596182229], "distances": {"path1": [17.429989960123326, 12.468415545288824], "path2": [13.85564717434736, 14.494164333965584]}}, "Ns": {"aspect_differences": [6.1121831918159195, 5.99672185822568], "mms": [38.71840234724799, 38.22920628459309], "dif": [6.1121831918159195, 5.99672185822568], "distances": {"path1": [15.786248453638375, 9.674065261822456], "path2": [9.689509798230247, 15.686231656455927]}}, "Cs": {"aspect_differences": [6.1121831918159195, 5.99672185822568], "mms": [49.008186665260475, 48.926999349334956], "dif": [7.01300207034772, 6.972155764070704], "distances": {"path1": [14.309858306426378, 7.296856236078658], "path2": [7.277963509114345, 14.25011927318505]}}}