{"metals": {"aspect_differences": [3.462612909431991, 3.749474243053845], "mms": [11.300399041004768, 11.263247325299123, 9.793865688234526, 9.83163259490894], "dif": [1.8439701250298786, 1.837138320308986, 1.597468779665384, 1.6043005843862765], "distances": {"0": [16.31774345612775, 14.473773331097872], "1": [14.473773331097872, 16.310911651406858], "2": [16.310911651406858, 14.713442871741474], "3": [14.713442871741474, 16.31774345612775]}}, "Ns": {"aspect_differences": [3.462612909431991, 3.749474243053845], "mms": [22.07341420404646, 22.1095298378954, 23.53768311805082, 23.50222967895868], "dif": [3.4569567755876918, 3.462612909431991, 3.755130376898144, 3.749474243053845], "distances": {"0": [12.204221615899968, 15.66117839148766], "1": [15.66117839148766, 12.198565482055669], "2": [12.198565482055669, 15.953695858953813], "3": [15.953695858953813, 12.204221615899968]}}, "Cs": {"aspect_differences": [3.462612909431991, 3.749474243053845], "mms": [31.022261526842538, 31.051932948048076, 32.250770704957645, 32.22161519698308], "dif": [4.413294077375596, 4.417515197984757, 4.669251278447327, 4.665030157838165], "distances": {"0": [9.812922388361175, 14.226216465736771], "1": [14.226216465736771, 9.808701267752014], "2": [9.808701267752014, 14.47795254619934], "3": [14.47795254619934, 9.812922388361175]}}}