{"metals": {"aspect_differences": [2.523743903892637, 2.447258619827526], "mms": [8.481065895967657, 7.89825727342156, 7.30964340444072, 7.896176703936857], "dif": [1.3802787410938393, 1.277293620460096, 1.18210392053812, 1.2850890411718634], "distances": {"0": [16.274826278028286, 14.894547536934446], "1": [14.894547536934446, 16.171841157394542], "2": [16.171841157394542, 14.989737236856422], "3": [14.989737236856422, 16.274826278028286]}}, "Ns": {"aspect_differences": [2.523743903892637, 2.447258619827526], "mms": [16.92481658634515, 17.50593601074811, 17.547640136504455, 16.96681449175524], "dif": [2.439966800864834, 2.523743903892637, 2.5310357228553286, 2.447258619827526], "distances": {"0": [11.97653684877227, 14.416503649637104], "1": [14.416503649637104, 11.892759745744467], "2": [11.892759745744467, 14.423795468599796], "3": [14.423795468599796, 11.97653684877227]}}, "Cs": {"aspect_differences": [2.523743903892637, 2.447258619827526], "mms": [14.07567220941014, 14.576762392485707, 14.558171372658691, 14.056972135211154], "dif": [1.703684994482117, 1.7643357266878166, 1.7617021083760758, 1.7010513761703763], "distances": {"0": [10.400070827162669, 12.103755821644786], "1": [12.103755821644786, 10.339420094956969], "2": [10.339420094956969, 12.101122203333045], "3": [12.101122203333045, 10.400070827162669]}}}