{"metals": {"aspect_differences": [3.5936485097623088, 3.4013278315039788], "mms": [14.151499745157537, 12.277951171877897, 4.019048244663006, 6.068988682962311], "dif": [2.463451972333022, 2.0075969716732605, 0.6006169217756128, 1.0564719224353745], "distances": {"0": [17.407709548070933, 14.944257575737911], "1": [16.35123762563556, 14.343640653962298], "2": [14.944257575737911, 14.343640653962298], "3": [16.35123762563556, 17.407709548070933]}}, "Ns": {"aspect_differences": [3.5936485097623088, 3.4013278315039788], "mms": [22.73339704828888, 21.69918528756252, 22.07837260534219, 22.357397253279277], "dif": [3.5936485097623088, 3.4013278315039788, 3.4607651034672067, 3.534211237799081], "distances": {"0": [15.807793714810428, 12.21414520504812], "1": [12.273582477011347, 15.674910308515326], "2": [12.21414520504812, 15.674910308515326], "3": [12.273582477011347, 15.807793714810428]}}, "Cs": {"aspect_differences": [3.5936485097623088, 3.4013278315039788], "mms": [31.753153000503193, 30.856792657973962, 31.138885205448048, 31.473576827729914], "dif": [4.567727414406432, 4.399189273151965, 4.439406625701839, 4.5275100618565585], "distances": {"0": [14.385114493461634, 9.817387079055202], "1": [9.857604431605075, 14.25679370475704], "2": [9.817387079055202, 14.25679370475704], "3": [9.857604431605075, 14.385114493461634]}}}