{"metals": {"aspect_differences": [6.082195660997646, 6.212989250188784], "mms": [48.23420553194418, 37.76828839908153, 28.237273326337515, 40.306084086537446], "dif": [9.676345863773609, 7.576760458721102, 4.912378537740411, 7.011963942792917], "distances": {"0": [10.384823916176913, 20.06116977995052], "1": [20.06116977995052, 12.48440932122942], "2": [12.48440932122942, 17.39678785896983], "3": [17.39678785896983, 10.384823916176913]}}, "Ns": {"aspect_differences": [6.082195660997646, 6.212989250188784], "mms": [39.18183346957446, 38.57182463952156, 38.70633524851994, 39.315008328996306], "dif": [6.178384863712118, 6.082195660997646, 6.116800047474312, 6.212989250188784], "distances": {"0": [9.590108635985308, 15.768493499697426], "1": [15.768493499697426, 9.68629783869978], "2": [9.68629783869978, 15.803097886174092], "3": [15.803097886174092, 9.590108635985308]}}, "Cs": {"aspect_differences": [6.082195660997646, 6.212989250188784], "mms": [49.40451261337919, 48.90039614822144, 49.09676469033891, 49.59894390730179], "dif": [7.059903777238128, 6.987865545338411, 7.042991826063438, 7.115030057963155], "distances": {"0": [7.23009404641461, 14.289997823652739], "1": [14.289997823652739, 7.302132278314327], "2": [7.302132278314327, 14.345124104377765], "3": [14.345124104377765, 7.23009404641461]}}}