{"metals": {"aspect_differences": [2.0210540403292914, 2.299226536688778], "mms": [23.321778050113103, 23.270878556508904, 21.28024055135048, 21.332460566609377], "dif": [3.2160425248262356, 3.2068947943390107, 2.9325705293288102, 2.941718259816035], "distances": {"0": [13.789868499373009, 10.573825974546773], "1": [10.573825974546773, 13.780720768885784], "2": [13.780720768885784, 10.848150239556974], "3": [10.848150239556974, 13.789868499373009]}}, "Ns": {"aspect_differences": [2.0210540403292914, 2.299226536688778], "mms": [17.38804831303462, 17.543852665088135, 19.610265576249624, 19.45836579814365], "dif": [2.0031053593166384, 2.0210540403292914, 2.317175217701431, 2.299226536688778], "distances": {"0": [9.51690725656187, 11.520012615878509], "1": [11.520012615878509, 9.498958575549217], "2": [9.498958575549217, 11.816133793250648], "3": [11.816133793250648, 9.51690725656187]}}, "Cs": {"aspect_differences": [2.0210540403292914, 2.299226536688778], "mms": [28.372117197701456, 28.47483588235017, 30.144759010887846, 30.04443853544766], "dif": [2.841973296506426, 2.852262403829285, 3.0917184086679983, 3.081429301345139], "distances": {"0": [7.174809295723476, 10.016782592229902], "1": [10.016782592229902, 7.164520188400616], "2": [7.164520188400616, 10.256238597068615], "3": [10.256238597068615, 7.174809295723476]}}}