{"metals": {"aspect_differences": [6.022630500152349, 6.252010265287852], "mms": [25.661637726427987], "dif": [3.5690203469373536], "distances": {"0": [10.338978764365464, 13.907999111302818]}}, "Ns": {"aspect_differences": [6.022630500152349, 6.252010265287852], "mms": [1.5750677321020243], "dif": [0.1533142111061725], "distances": {"0": [9.580502816658424, 9.733817027764596]}}, "Cs": {"aspect_differences": [6.022630500152349, 6.252010265287852], "mms": [1.229499214497758], "dif": [0.08996401176843172], "distances": {"0": [7.227162400970384, 7.317126412738816]}}}