{"metals": {"aspect_differences": [1.876893704739766, 1.8996914314839124], "mms": [35.11183149569661, 21.028868307993044, 3.9872247212263034, 21.10923311631535], "dif": [5.585660161035264, 3.3453142982304964, 0.5217123016266214, 2.762058164431389], "distances": {"0": [10.322539221044405, 15.908199382079669], "1": [15.908199382079669, 12.562885083849173], "2": [12.562885083849173, 13.084597385475794], "3": [13.084597385475794, 10.322539221044405]}}, "Ns": {"aspect_differences": [1.876893704739766, 1.8996914314839124], "mms": [17.243168592309228, 16.252326897743952, 15.582531280100712, 16.581297510360102], "dif": [1.991320675758999, 1.876893704739766, 1.7852644604646795, 1.8996914314839124], "distances": {"0": [9.557140763324563, 11.548461439083562], "1": [11.548461439083562, 9.671567734343796], "2": [9.671567734343796, 11.456832194808475], "3": [11.456832194808475, 9.557140763324563]}}, "Cs": {"aspect_differences": [1.876893704739766, 1.8996914314839124], "mms": [28.229738464401965, 27.64481312489218, 27.233553394606876, 27.821803391929773], "dif": [2.8389319951916985, 2.780108805482496, 2.723271542842549, 2.7820947325517515], "distances": {"0": [7.2175975712144, 10.056529566406098], "1": [10.056529566406098, 7.276420760923602], "2": [7.276420760923602, 9.999692303766151], "3": [9.999692303766151, 7.2175975712144]}}}