{"metals": {"aspect_differences": [1.876893704739766, 1.8996914314839124], "mms": [3.9872247212263034, 35.11183149569661], "dif": [0.5217123016266214, 5.585660161035264], "distances": {"path1": [12.562885083849173, 13.084597385475794], "path2": [10.322539221044405, 15.908199382079669]}}, "Ns": {"aspect_differences": [1.876893704739766, 1.8996914314839124], "mms": [15.582531280100712, 17.243168592309228], "dif": [1.7852644604646795, 1.991320675758999], "distances": {"path1": [9.671567734343796, 11.456832194808475], "path2": [9.557140763324563, 11.548461439083562]}}, "Cs": {"aspect_differences": [1.876893704739766, 1.8996914314839124], "mms": [27.233553394606876, 28.229738464401965], "dif": [2.723271542842549, 2.8389319951916985], "distances": {"path1": [7.276420760923602, 9.999692303766151], "path2": [7.2175975712144, 10.056529566406098]}}}