{"metals": {"aspect_differences": [2.5453058991628676, 2.773742521060491], "mms": [20.024075215396163, 0.9512018503719327], "dif": [3.7512361464521042, 0.12941853980262152], "distances": {"path1": [18.73362992348253, 14.982393777030424], "path2": [13.476372886277671, 13.605791426080293]}}, "Ns": {"aspect_differences": [2.5453058991628676, 2.773742521060491], "mms": [1.2214354313065774, 0.42447605057087684], "dif": [0.17810231228678752, 0.05033430961083596], "distances": {"path1": [14.581393966627472, 14.403291654340684], "path2": [11.80765144556698, 11.857985755177817]}}, "Cs": {"aspect_differences": [2.5453058991628676, 2.773742521060491], "mms": [1.0433117337099103, 0.22170681504253548], "dif": [0.12735453449796807, 0.02289462554860222], "distances": {"path1": [12.206757614534663, 12.079403080036695], "path2": [10.303637530988752, 10.326532156537354]}}}