{"metals": {"aspect_differences": [0.4116613765409607, 0.7419495628135309], "mms": [8.067393094770543, 38.642949304583354], "dif": [1.195375149483981, 6.327058163381556], "distances": {"path1": [13.621990701435676, 14.817365850919657], "path2": [10.046066241569383, 16.37312440495094]}}, "Ns": {"aspect_differences": [0.4116613765409607, 0.7419495628135309], "mms": [2.6537103576144414, 6.794870688068004], "dif": [0.32229550344042224, 0.8313154359140693], "distances": {"path1": [11.822794201456778, 12.1450897048972], "path2": [11.40314014208367, 12.234455577997739]}}, "Cs": {"aspect_differences": [0.4116613765409607, 0.7419495628135309], "mms": [5.297739707255719, 1.7455703886800216], "dif": [0.5463369367789799, 0.17465442119109298], "distances": {"path1": [10.31264212605092, 9.76630518927194], "path2": [10.005578825335395, 9.830924404144302]}}}