{"metals": {"aspect_differences": [5.786939756659521, 5.899169540683875], "mms": [3.478657184736478, 3.177119461282539, 3.065893883494474, 3.367777999323123], "dif": [0.4999075182420807, 0.4565744253320805, 0.4400849781082101, 0.4834180710182103], "distances": {"0": [13.8707962244422, 14.370703742684281], "1": [14.370703742684281, 13.9141293173522], "2": [13.9141293173522, 14.35421429546041], "3": [14.35421429546041, 13.8707962244422]}}, "Ns": {"aspect_differences": [5.786939756659521, 5.899169540683875], "mms": [37.33168937119332, 37.21649486244826, 37.595023804540446, 37.70952379240086], "dif": [5.804851805735328, 5.786939756659521, 5.881257491608068, 5.899169540683875], "distances": {"0": [9.744543101141273, 15.549394906876602], "1": [15.549394906876602, 9.76245515021708], "2": [9.76245515021708, 15.643712641825148], "3": [15.643712641825148, 9.744543101141273]}}, "Cs": {"aspect_differences": [5.786939756659521, 5.899169540683875], "mms": [48.36067116689712, 48.1648556215894, 48.48501514236397, 48.67962123389476], "dif": [6.8454486858900765, 6.817731012934763, 6.905702603542986, 6.9334202764983], "distances": {"0": [7.309542385813218, 14.154991071703295], "1": [14.154991071703295, 7.337260058768532], "2": [7.337260058768532, 14.242962662311518], "3": [14.242962662311518, 7.309542385813218]}}}