{"metals": {"aspect_differences": [3.0179760206891704, 3.0755179261189696], "mms": [49.96631021119318, 49.452974126790586], "dif": [7.879846852615228, 7.799804183677307], "distances": {"path1": [7.890472827403944, 15.770319680019172], "path2": [7.972359819401029, 15.772164003078336]}}, "Ns": {"aspect_differences": [3.0179760206891704, 3.0755179261189696], "mms": [26.749560759113894, 26.425348734366683], "dif": [3.0637602823523444, 3.0297336644557955], "distances": {"path1": [8.389737253335172, 11.453497535687516], "path2": [8.435521514998346, 11.465255179454141]}}, "Cs": {"aspect_differences": [3.0179760206891704, 3.0755179261189696], "mms": [29.23813755739197, 28.9640883952484], "dif": [2.7215449635747317, 2.6977099802766302], "distances": {"path1": [6.586657237172738, 9.30820220074747], "path2": [6.616272022068016, 9.313982002344646]}}}