{"metals": {"aspect_differences": [0.4447382116571461, 0.4380266482610775], "mms": [17.196005619075187, 17.594419957315953, 18.73822921426723, 18.345344962799057], "dif": [2.736049094969969, 2.8129753599414276, 2.995846251058186, 2.9189199860867276], "distances": {"0": [15.910957204706447, 13.174908109736478], "1": [13.174908109736478, 15.987883469677906], "2": [15.987883469677906, 12.99203721861972], "3": [12.99203721861972, 15.910957204706447]}}, "Ns": {"aspect_differences": [0.4447382116571461, 0.4380266482610775], "mms": [4.209782298767166, 3.6327392679453916, 3.0199564567515935, 3.6006688048074635], "dif": [0.5153827216668176, 0.4447382116571461, 0.367382138251406, 0.4380266482610775], "distances": {"0": [11.727120217683453, 12.24250293935027], "1": [12.24250293935027, 11.797764727693124], "2": [11.797764727693124, 12.16514686594453], "3": [12.16514686594453, 11.727120217683453]}}, "Cs": {"aspect_differences": [0.4447382116571461, 0.4380266482610775], "mms": [4.247179214803724, 4.650515923530972, 5.086987896875335, 4.685497503006373], "dif": [0.43580772820573266, 0.4792131262277728, 0.5241894476287641, 0.48078404960672394], "distances": {"0": [10.261109931191653, 9.82530220298592], "1": [9.82530220298592, 10.304515329213693], "2": [10.304515329213693, 9.780325881584929], "3": [9.780325881584929, 10.261109931191653]}}}