{"metals": {"aspect_differences": [2.028966998169075, 1.3698371321717069], "mms": [7.601135357266754, 30.95216434408466], "dif": [1.0253071014838007, 4.304513244331416], "distances": {"path1": [13.488867824246778, 12.463560722762978], "path2": [13.906986265902473, 9.602473021571058]}}, "Ns": {"aspect_differences": [2.028966998169075, 1.3698371321717069], "mms": [17.377382015919423, 12.362386375790287], "dif": [2.028966998169075, 1.3698371321717069], "distances": {"path1": [11.67590720115572, 9.646940202986645], "path2": [9.710848186435621, 11.080685318607328]}}, "Cs": {"aspect_differences": [2.028966998169075, 1.3698371321717069], "mms": [28.53089366305409, 25.359231756892992], "dif": [2.8977248541221075, 2.4766010685919335], "distances": {"path1": [10.156446160936413, 7.258721306814306], "path2": [7.289471864271101, 9.766072932863034]}}}