{"metals": {"aspect_differences": [0.42479112424963716, 1.1068135095999576], "mms": [39.859212387290164], "dif": [6.414540295527258], "distances": {"0": [9.678452795256069, 16.092993090783327]}}, "Ns": {"aspect_differences": [0.42479112424963716, 1.1068135095999576], "mms": [5.487643952419571], "dif": [0.648998057361629], "distances": {"0": [11.17753556961462, 11.826533626976248]}}, "Cs": {"aspect_differences": [0.42479112424963716, 1.1068135095999576], "mms": [4.737342632296504], "dif": [0.4901016767041515], "distances": {"0": [9.855396100106784, 10.345497776810936]}}}