{"metals": {"aspect_differences": [2.028966998169075, 1.3698371321717069], "mms": [7.601135357266754, 30.95216434408466, 22.955620507119907, 3.0065352310072315], "dif": [1.0253071014838007, 4.304513244331416, 2.86108770119192, 0.4181184416556949], "distances": {"0": [13.488867824246778, 12.463560722762978], "1": [13.906986265902473, 9.602473021571058], "2": [12.463560722762978, 9.602473021571058], "3": [13.906986265902473, 13.488867824246778]}}, "Ns": {"aspect_differences": [2.028966998169075, 1.3698371321717069], "mms": [17.377382015919423, 12.362386375790287, 12.93913755688969, 16.830032826276582], "dif": [2.028966998169075, 1.3698371321717069, 1.4337451156206829, 1.965059014720099], "distances": {"0": [11.67590720115572, 9.646940202986645], "1": [9.710848186435621, 11.080685318607328], "2": [9.646940202986645, 11.080685318607328], "3": [9.710848186435621, 11.67590720115572]}}, "Cs": {"aspect_differences": [2.028966998169075, 1.3698371321717069], "mms": [28.53089366305409, 25.359231756892992, 25.674103022632966, 28.228124791250615], "dif": [2.8977248541221075, 2.4766010685919335, 2.5073516260487283, 2.8669742966653127], "distances": {"0": [10.156446160936413, 7.258721306814306], "1": [7.289471864271101, 9.766072932863034], "2": [7.258721306814306, 9.766072932863034], "3": [7.289471864271101, 10.156446160936413]}}}