{"metals": {"aspect_differences": [0.5569526283803352, 0.41644282411270517], "mms": [10.811488367254832, 18.564997589961603, 2.621250416730158, 6.23559470013231], "dif": [1.6182944811485775, 2.963663977254214, 0.3499367038314283, 0.9954327922742081], "distances": {"0": [14.968285828711316, 13.349991347562739], "1": [15.963718620985524, 13.00005464373131], "2": [13.349991347562739, 13.00005464373131], "3": [15.963718620985524, 14.968285828711316]}}, "Ns": {"aspect_differences": [0.5569526283803352, 0.41644282411270517], "mms": [4.570928764537177, 3.4324643003312714, 4.160365716683131, 3.8461455719376243], "dif": [0.5569526283803352, 0.41644282411270517, 0.5047552710832246, 0.4686401814098158], "distances": {"0": [12.184670929491693, 11.627718301111358], "1": [11.716030748081877, 12.132473572194582], "2": [11.627718301111358, 12.132473572194582], "3": [11.716030748081877, 12.184670929491693]}}, "Cs": {"aspect_differences": [0.5569526283803352, 0.41644282411270517], "mms": [3.6417404481392683, 4.995159785361126, 4.050556409070804, 4.59036853705454], "dif": [0.3699821397795571, 0.51252833913078, 0.41151574332858765, 0.4709947355817494], "distances": {"0": [9.789504650900373, 10.15948679067993], "1": [10.260499386482122, 9.747971047351342], "2": [10.15948679067993, 9.747971047351342], "3": [10.260499386482122, 9.789504650900373]}}}