{"metals": {"aspect_differences": [1.9963744282785374, 2.2091106280656945], "mms": [35.06266725447645, 36.16790957843541], "dif": [5.563940136515859, 5.829866404686014], "distances": {"path1": [10.304619138037078, 15.868559274552936], "path2": [10.28902593008687, 16.118892334772884]}}, "Ns": {"aspect_differences": [1.9963744282785374, 2.2091106280656945], "mms": [17.242435355335978, 18.87294046992701], "dif": [1.9878755044017762, 2.2176095519424557], "distances": {"path1": [9.54109626458092, 11.528971768982696], "path2": [9.532597340704159, 11.750206892646615]}}, "Cs": {"aspect_differences": [1.9963744282785374, 2.2091106280656945], "mms": [28.098856978647575, 29.413782904396037], "dif": [2.8157602647284348, 2.9998503922614113], "distances": {"path1": [7.205146517594211, 10.020906782322646], "path2": [7.198941113108232, 10.198791505369643]}}}