{"metals": {"aspect_differences": [6.307871191875673, 6.806885289627834], "mms": [49.879122517975084, 50.970424418036195], "dif": [10.039774343023392, 10.504713032685665], "distances": {"path1": [10.088435288983124, 20.128209632006516], "path2": [10.104715185001506, 20.60942821768717]}}, "Ns": {"aspect_differences": [6.307871191875673, 6.806885289627834], "mms": [40.1703557334098, 41.526556097823935], "dif": [6.356576468141645, 6.758180013361862], "distances": {"path1": [9.467471768640243, 15.824048236781888], "path2": [9.516177044906215, 16.274357058268077]}}, "Cs": {"aspect_differences": [6.307871191875673, 6.806885289627834], "mms": [49.940098401869385, 50.747605942014154], "dif": [7.140009599204034, 7.432721074430355], "distances": {"path1": [7.157138039048848, 14.297147638252882], "path2": [7.213725662235846, 14.646446736666201]}}}