{"metals": {"aspect_differences": [2.5439472136122987, 2.644421739354426], "mms": [42.82094963292348, 25.819747702534674, 18.32420394338562, 37.04329236081881], "dif": [8.003458618463018, 4.825845387546197, 3.1105805794630985, 6.288193810379919], "distances": {"0": [10.687062463090594, 18.690521081553612], "1": [18.690521081553612, 13.864675694007415], "2": [13.864675694007415, 16.975256273470514], "3": [16.975256273470514, 10.687062463090594]}}, "Ns": {"aspect_differences": [2.5439472136122987, 2.644421739354426], "mms": [18.9519666635474, 17.50485871997019, 16.87665872903669, 18.334786390659467], "dif": [2.754252608231658, 2.5439472136122987, 2.4341163447350667, 2.644421739354426], "distances": {"0": [11.77855370748039, 14.532806315712048], "1": [14.532806315712048, 11.988859102099749], "2": [11.988859102099749, 14.422975446834815], "3": [14.422975446834815, 11.77855370748039]}}, "Cs": {"aspect_differences": [2.5439472136122987, 2.644421739354426], "mms": [15.780892718960315, 14.470627810441982, 13.864719767715291, 15.184266868138579], "dif": [1.9222362564054265, 1.7626357345906118, 1.6769515154356416, 1.8365520372504562], "distances": {"0": [10.258546482811296, 12.180782739216722], "1": [12.180782739216722, 10.41814700462611], "2": [10.41814700462611, 12.095098520061752], "3": [12.095098520061752, 10.258546482811296]}}}