{"metals": {"aspect_differences": [0.5569526283803352, 0.41644282411270517], "mms": [10.811488367254832, 18.564997589961603], "dif": [1.6182944811485775, 2.963663977254214], "distances": {"path1": [14.968285828711316, 13.349991347562739], "path2": [15.963718620985524, 13.00005464373131]}}, "Ns": {"aspect_differences": [0.5569526283803352, 0.41644282411270517], "mms": [4.570928764537177, 3.4324643003312714], "dif": [0.5569526283803352, 0.41644282411270517], "distances": {"path1": [12.184670929491693, 11.627718301111358], "path2": [11.716030748081877, 12.132473572194582]}}, "Cs": {"aspect_differences": [0.5569526283803352, 0.41644282411270517], "mms": [3.6417404481392683, 4.995159785361126], "dif": [0.3699821397795571, 0.51252833913078], "distances": {"path1": [9.789504650900373, 10.15948679067993], "path2": [10.260499386482122, 9.747971047351342]}}}