{"metals": {"aspect_differences": [6.022630500152349, 6.252010265287852], "mms": [25.661637726427987, 0.036330937264116875], "dif": [3.5690203469373536, 0.006340875275014923], "distances": {"path1": [10.338978764365464, 13.907999111302818], "path2": [17.44676040014306, 17.453101275418074]}}, "Ns": {"aspect_differences": [6.022630500152349, 6.252010265287852], "mms": [1.5750677321020243, 0.4804389147549027], "dif": [0.1533142111061725, 0.07606555402933068], "distances": {"path1": [9.580502816658424, 9.733817027764596], "path2": [15.756447527916945, 15.832513081946276]}}, "Cs": {"aspect_differences": [6.022630500152349, 6.252010265287852], "mms": [1.229499214497758, 0.4866463720489176], "dif": [0.08996401176843172, 0.06992026635427884], "distances": {"path1": [7.227162400970384, 7.317126412738816], "path2": [14.297856906194019, 14.367777172548298]}}}