{"metals": {"aspect_differences": [3.287000063123047, 3.219503582018195], "mms": [44.162998099623515, 44.949547048809286, 44.989552570906476, 44.20357521195621], "dif": [8.268057853715108, 8.415313078597638, 8.428928143733515, 8.281672918850985], "distances": {"0": [10.453628194555227, 18.721686048270335], "1": [18.721686048270335, 10.306372969672697], "2": [10.306372969672697, 18.735301113406212], "3": [18.735301113406212, 10.453628194555227]}}, "Ns": {"aspect_differences": [3.287000063123047, 3.219503582018195], "mms": [21.945172583896184, 22.294073735164027, 22.209364676326775, 21.860083179703413], "dif": [3.235558674713525, 3.287000063123047, 3.270944970427717, 3.219503582018195], "distances": {"0": [11.50827012109118, 14.743828795804705], "1": [14.743828795804705, 11.456828732681657], "2": [11.456828732681657, 14.727773703109374], "3": [14.727773703109374, 11.50827012109118]}}, "Cs": {"aspect_differences": [3.287000063123047, 3.219503582018195], "mms": [17.914989798093455, 18.253573441453543, 18.179995253136017, 17.84110685797061], "dif": [2.204922348731813, 2.2465941917288514, 2.2355262637595263, 2.193854420762488], "distances": {"0": [10.10277290302024, 12.307695251752053], "1": [12.307695251752053, 10.061101060023201], "2": [10.061101060023201, 12.296627323782728], "3": [12.296627323782728, 10.10277290302024]}}}