{"metals": {"aspect_differences": [5.964160769325964, 6.213576300171198], "mms": [27.082700914959467, 29.148203982517046], "dif": [4.6549040892888165, 5.1043103421702405], "distances": {"path1": [12.532835434569463, 17.18773952385828], "path2": [12.407267198702542, 17.511577540872782]}}, "Ns": {"aspect_differences": [5.964160769325964, 6.213576300171198], "mms": [38.18095976005701, 39.182108023019886], "dif": [5.961286429011006, 6.216450640486157], "distances": {"path1": [9.651957623715512, 15.613244052726518], "path2": [9.649083283400554, 15.86553392388671]}}, "Cs": {"aspect_differences": [5.964160769325964, 6.213576300171198], "mms": [48.808707441386815, 49.384205094137265], "dif": [6.919594392208542, 7.106337700185179], "distances": {"path1": [7.25737270022699, 14.176967092435532], "path2": [7.283562241788012, 14.38989994197319]}}}