{"metals": {"aspect_differences": [3.5936485097623088, 3.4013278315039788], "mms": [14.151499745157537, 12.277951171877897], "dif": [2.463451972333022, 2.0075969716732605], "distances": {"path1": [17.407709548070933, 14.944257575737911], "path2": [16.35123762563556, 14.343640653962298]}}, "Ns": {"aspect_differences": [3.5936485097623088, 3.4013278315039788], "mms": [22.73339704828888, 21.69918528756252], "dif": [3.5936485097623088, 3.4013278315039788], "distances": {"path1": [15.807793714810428, 12.21414520504812], "path2": [12.273582477011347, 15.674910308515326]}}, "Cs": {"aspect_differences": [3.5936485097623088, 3.4013278315039788], "mms": [31.753153000503193, 30.856792657973962], "dif": [4.567727414406432, 4.399189273151965], "distances": {"path1": [14.385114493461634, 9.817387079055202], "path2": [9.857604431605075, 14.25679370475704]}}}