{"metals": {"aspect_differences": [6.1121831918159195, 5.99672185822568], "mms": [28.465733062300608, 4.40533958982322, 13.976306201590564, 20.50685510406728], "dif": [4.961574414834502, 0.6385171596182229, 2.0257487886767596, 3.574342785775965], "distances": {"0": [17.429989960123326, 12.468415545288824], "1": [13.85564717434736, 14.494164333965584], "2": [12.468415545288824, 14.494164333965584], "3": [13.85564717434736, 17.429989960123326]}}, "Ns": {"aspect_differences": [6.1121831918159195, 5.99672185822568], "mms": [38.71840234724799, 38.22920628459309, 38.32766547317351, 38.62056696569328], "dif": [6.1121831918159195, 5.99672185822568, 6.012166394633471, 6.096738655408128], "distances": {"0": [15.786248453638375, 9.674065261822456], "1": [9.689509798230247, 15.686231656455927], "2": [9.674065261822456, 15.686231656455927], "3": [9.689509798230247, 15.786248453638375]}}, "Cs": {"aspect_differences": [6.1121831918159195, 5.99672185822568], "mms": [49.008186665260475, 48.926999349334956, 48.79441991893072, 49.14021261939468], "dif": [7.01300207034772, 6.972155764070704, 6.9532630371063915, 7.031894797312033], "distances": {"0": [14.309858306426378, 7.296856236078658], "1": [7.277963509114345, 14.25011927318505], "2": [7.296856236078658, 14.25011927318505], "3": [7.277963509114345, 14.309858306426378]}}}