{"metals": {"aspect_differences": [6.307871191875673, 6.806885289627834], "mms": [49.879122517975084, 49.798241524006826, 50.970424418036195, 51.04941688617469], "dif": [10.039774343023392, 10.02349444700501, 10.504713032685665, 10.520992928704047], "distances": {"0": [10.088435288983124, 20.128209632006516], "1": [20.128209632006516, 10.104715185001506], "2": [10.104715185001506, 20.60942821768717], "3": [20.60942821768717, 10.088435288983124]}}, "Ns": {"aspect_differences": [6.307871191875673, 6.806885289627834], "mms": [40.1703557334098, 39.86256296421967, 41.526556097823935, 41.825832290988366], "dif": [6.356576468141645, 6.307871191875673, 6.758180013361862, 6.806885289627834], "distances": {"0": [9.467471768640243, 15.824048236781888], "1": [15.824048236781888, 9.516177044906215], "2": [9.516177044906215, 16.274357058268077], "3": [16.274357058268077, 9.467471768640243]}}, "Cs": {"aspect_differences": [6.307871191875673, 6.806885289627834], "mms": [49.940098401869385, 49.54430180929875, 50.747605942014154, 51.1339632900072], "dif": [7.140009599204034, 7.0834219760170365, 7.432721074430355, 7.489308697617353], "distances": {"0": [7.157138039048848, 14.297147638252882], "1": [14.297147638252882, 7.213725662235846], "2": [7.213725662235846, 14.646446736666201], "3": [14.646446736666201, 7.157138039048848]}}}