{"metals": {"aspect_differences": [0.08485278315758826, 0.18727021126004928], "mms": [22.73486979838337], "dif": [3.7149718691118085], "distances": {"0": [16.3404140954261, 12.625442226314293]}}, "Ns": {"aspect_differences": [0.08485278315758826, 0.18727021126004928], "mms": [1.1843174985848688], "dif": [0.14361943200603022], "distances": {"0": [12.126767710317536, 11.983148278311505]}}, "Cs": {"aspect_differences": [0.08485278315758826, 0.18727021126004928], "mms": [1.166226567263504], "dif": [0.11389928959285811], "distances": {"0": [9.766480441284875, 9.652581151692017]}}}