{"metals": {"aspect_differences": [3.751473311195319, 3.832228304834686], "mms": [36.476286974023466, 26.49540626758799, 15.082710221002266, 26.61327309008537], "dif": [7.359308521715464, 5.345606291293683, 2.6340507013993513, 4.647752931821133], "distances": {"0": [12.816288097963467, 20.17559661967893], "1": [20.17559661967893, 14.829990328385248], "2": [14.829990328385248, 17.4640410297846], "3": [17.4640410297846, 12.816288097963467]}}, "Ns": {"aspect_differences": [3.751473311195319, 3.832228304834686], "mms": [24.05035488935431, 23.555077955635298, 23.564077954108303, 24.059296577981115], "dif": [3.8303530415870846, 3.751473311195319, 3.7533485744429207, 3.832228304834686], "distances": {"0": [12.096035817159272, 15.926388858746357], "1": [15.926388858746357, 12.174915547551038], "2": [12.174915547551038, 15.928264121993958], "3": [15.928264121993958, 12.096035817159272]}}, "Cs": {"aspect_differences": [3.751473311195319, 3.832228304834686], "mms": [32.66464955771155, 32.23099594193033, 32.242862896096455, 32.67644057528021], "dif": [4.720472108042925, 4.657803448633905, 4.660334445747324, 4.723003105156344], "distances": {"0": [9.730845055800653, 14.451317163843578], "1": [14.451317163843578, 9.793513715209674], "2": [9.793513715209674, 14.453848160956998], "3": [14.453848160956998, 9.730845055800653]}}}