{"metals": {"aspect_differences": [1.622049405121123, 2.3491275629183495], "mms": [38.64589383153722, 0.1848748672383484], "dif": [6.315223049102924, 0.022943549293211518], "distances": {"path1": [16.341252389275432, 10.026029340172508], "path2": [12.410312789369977, 12.387369240076765]}}, "Ns": {"aspect_differences": [1.622049405121123, 2.3491275629183495], "mms": [6.144858262243721, 0.05926613882663262], "dif": [0.7327532037187563, 0.005675045921529787], "distances": {"path1": [11.924655906566025, 11.191902702847269], "path2": [9.575528343647676, 9.569853297726146]}}, "Cs": {"aspect_differences": [1.622049405121123, 2.3491275629183495], "mms": [5.090765755358211, 0.08247364227748244], "dif": [0.5258793307934475, 0.005951005660443265], "distances": {"path1": [10.330063414132558, 9.804184083339111], "path2": [7.215645503348955, 7.209694497688512]}}}