{"metals": {"aspect_differences": [2.603845196991946, 3.0954395775633294], "mms": [35.65056486450535, 0.2462361002177956], "dif": [5.793730459879518, 0.04241592692290652], "distances": {"path1": [10.457710385165578, 16.251440845045096], "path2": [17.183298290200284, 17.22571421712319]}}, "Ns": {"aspect_differences": [2.603845196991946, 3.0954395775633294], "mms": [4.007465703113092, 0.07857751297569915], "dif": [0.48012514251295, 0.011469238058433362], "distances": {"path1": [11.500642207285644, 11.980767349798594], "path2": [14.58461254679054, 14.596081784848973]}}, "Cs": {"aspect_differences": [2.603845196991946, 3.0954395775633294], "mms": [3.361734932284118, 0.00862175061137322], "dif": [0.350873333943845, 0.0010525697382259835], "distances": {"path1": [10.086396141833813, 10.437269475777658], "path2": [12.2083064759204, 12.207253906182174]}}}