{"metals": {"aspect_differences": [6.082195660997646, 6.212989250188784], "mms": [28.237273326337515, 48.23420553194418], "dif": [4.912378537740411, 9.676345863773609], "distances": {"path1": [12.48440932122942, 17.39678785896983], "path2": [10.384823916176913, 20.06116977995052]}}, "Ns": {"aspect_differences": [6.082195660997646, 6.212989250188784], "mms": [38.70633524851994, 39.18183346957446], "dif": [6.116800047474312, 6.178384863712118], "distances": {"path1": [9.68629783869978, 15.803097886174092], "path2": [9.590108635985308, 15.768493499697426]}}, "Cs": {"aspect_differences": [6.082195660997646, 6.212989250188784], "mms": [49.09676469033891, 49.40451261337919], "dif": [7.042991826063438, 7.059903777238128], "distances": {"path1": [7.302132278314327, 14.345124104377765], "path2": [7.23009404641461, 14.289997823652739]}}}