{"metals": {"aspect_differences": [3.287000063123047, 3.219503582018195], "mms": [44.162998099623515, 44.989552570906476], "dif": [8.268057853715108, 8.428928143733515], "distances": {"path1": [10.453628194555227, 18.721686048270335], "path2": [10.306372969672697, 18.735301113406212]}}, "Ns": {"aspect_differences": [3.287000063123047, 3.219503582018195], "mms": [21.945172583896184, 22.209364676326775], "dif": [3.235558674713525, 3.270944970427717], "distances": {"path1": [11.50827012109118, 14.743828795804705], "path2": [11.456828732681657, 14.727773703109374]}}, "Cs": {"aspect_differences": [3.287000063123047, 3.219503582018195], "mms": [17.914989798093455, 18.179995253136017], "dif": [2.204922348731813, 2.2355262637595263], "distances": {"path1": [10.10277290302024, 12.307695251752053], "path2": [10.061101060023201, 12.296627323782728]}}}