{"metals": {"aspect_differences": [3.751473311195319, 3.832228304834686], "mms": [15.082710221002266, 36.476286974023466], "dif": [2.6340507013993513, 7.359308521715464], "distances": {"path1": [14.829990328385248, 17.4640410297846], "path2": [12.816288097963467, 20.17559661967893]}}, "Ns": {"aspect_differences": [3.751473311195319, 3.832228304834686], "mms": [23.564077954108303, 24.05035488935431], "dif": [3.7533485744429207, 3.8303530415870846], "distances": {"path1": [12.174915547551038, 15.928264121993958], "path2": [12.096035817159272, 15.926388858746357]}}, "Cs": {"aspect_differences": [3.751473311195319, 3.832228304834686], "mms": [32.242862896096455, 32.66464955771155], "dif": [4.660334445747324, 4.720472108042925], "distances": {"path1": [9.793513715209674, 14.453848160956998], "path2": [9.730845055800653, 14.451317163843578]}}}