{"metals": {"aspect_differences": [3.9316888342130527, 3.8068302469809154], "mms": [32.27446228680071, 0.04282108813788929, 20.27182590987313, 15.018057640970056], "dif": [4.717276176584079, 0.00531883649455267, 2.5168990646403415, 2.1950582754491847], "distances": {"0": [14.616126318898589, 9.89885014231451], "1": [12.421068043449404, 12.415749206954851], "2": [9.89885014231451, 12.415749206954851], "3": [12.421068043449404, 14.616126318898589]}}, "Ns": {"aspect_differences": [3.9316888342130527, 3.8068302469809154], "mms": [33.03475273378918, 32.22875818037395, 32.52581989995378, 32.73993164110613], "dif": [3.9316888342130527, 3.8068302469809154, 3.841918894610079, 3.896600186583889], "distances": {"0": [11.90167477836628, 7.969985944153227], "1": [8.00507459178239, 11.811904838763306], "2": [7.969985944153227, 11.811904838763306], "3": [8.00507459178239, 11.90167477836628]}}, "Cs": {"aspect_differences": [3.9316888342130527, 3.8068302469809154], "mms": [34.099736301077314, 33.324472666306555, 33.6448100932691, 33.781595083500534], "dif": [3.2732331550317237, 3.176884770802074, 3.2074231413091088, 3.242694784524689], "distances": {"0": [9.59899843837887, 6.325765283347145], "1": [6.35630365385418, 9.533188424656254], "2": [6.325765283347145, 9.533188424656254], "3": [6.35630365385418, 9.59899843837887]}}}