{"metals": {"aspect_differences": [3.860197380656773, 3.8597625594975575], "mms": [31.491642648773, 31.54064734638372], "dif": [4.573036585621921, 4.581532978693092], "distances": {"path1": [9.948392596796731, 14.521429182418652], "path2": [9.944272177992715, 14.525805156685808]}}, "Ns": {"aspect_differences": [3.860197380656773, 3.8597625594975575], "mms": [32.530919220942565, 32.56150767388574], "dif": [3.857855783663709, 3.8621041564906218], "distances": {"path1": [8.001187477493575, 11.859043261157284], "path2": [7.998845880500511, 11.860950036991133]}}, "Cs": {"aspect_differences": [3.860197380656773, 3.8597625594975575], "mms": [33.781290899449004, 33.80147350591379], "dif": [3.2339967850166094, 3.2363591113096417], "distances": {"path1": [6.339340109191177, 9.573336894207786], "path2": [6.338250441565086, 9.574609552874728]}}}