{"metals": {"aspect_differences": [5.964160769325964, 6.213576300171198], "mms": [27.082700914959467, 27.813269560665443, 29.148203982517046, 28.431145593152408], "dif": [4.6549040892888165, 4.780472325155738, 5.1043103421702405, 4.978742106303319], "distances": {"0": [12.532835434569463, 17.18773952385828], "1": [17.18773952385828, 12.407267198702542], "2": [12.407267198702542, 17.511577540872782], "3": [17.511577540872782, 12.532835434569463]}}, "Ns": {"aspect_differences": [5.964160769325964, 6.213576300171198], "mms": [38.18095976005701, 38.199369389120974, 39.182108023019886, 39.16399113941075], "dif": [5.961286429011006, 5.964160769325964, 6.216450640486157, 6.213576300171198], "distances": {"0": [9.651957623715512, 15.613244052726518], "1": [15.613244052726518, 9.649083283400554], "2": [9.649083283400554, 15.86553392388671], "3": [15.86553392388671, 9.651957623715512]}}, "Cs": {"aspect_differences": [5.964160769325964, 6.213576300171198], "mms": [48.808707441386815, 48.62397440652638, 49.384205094137265, 49.56620456367235], "dif": [6.919594392208542, 6.893404850647521, 7.106337700185179, 7.1325272417462005], "distances": {"0": [7.25737270022699, 14.176967092435532], "1": [14.176967092435532, 7.283562241788012], "2": [7.283562241788012, 14.38989994197319], "3": [14.38989994197319, 7.25737270022699]}}}