{"metals": {"aspect_differences": [3.4664340542608816, 3.6708573684760353], "mms": [28.0713344491001, 0.1502582155806289], "dif": [5.643679541469314, 0.022503387328727698], "distances": {"path1": [20.104778245233145, 14.461098703763831], "path2": [14.953973766862106, 14.976477154190833]}}, "Ns": {"aspect_differences": [3.4664340542608816, 3.6708573684760353], "mms": [1.2346443252052572, 0.06756647936795591], "dif": [0.1961628971314635, 0.008260417083690186], "distances": {"path1": [15.888211133101171, 15.692048235969708], "path2": [12.217353764625136, 12.225614181708826]}}, "Cs": {"aspect_differences": [3.4664340542608816, 3.6708573684760353], "mms": [1.4754832750281899, 0.05072520435090459], "dif": [0.21347343755724246, 0.0049796390257697], "distances": {"path1": [14.468035061472584, 14.254561623915341], "path2": [9.811913342462825, 9.816892981488595]}}}