{"metals": {"aspect_differences": [3.6031704987276374, 3.8528487409512024], "mms": [21.202019390323336], "dif": [3.460952049965643], "distances": {"0": [12.862738567661241, 16.323690617626884]}}, "Ns": {"aspect_differences": [3.6031704987276374, 3.8528487409512024], "mms": [0.8955609881085246], "dif": [0.10942819433901363], "distances": {"0": [12.10952682849334, 12.218955022832354]}}, "Cs": {"aspect_differences": [3.6031704987276374, 3.8528487409512024], "mms": [0.8699013677269486], "dif": [0.08544537482604397], "distances": {"0": [9.736975648526599, 9.822421023352643]}}}