{"metals": {"aspect_differences": [3.7579476849620352, 3.791761209604351], "mms": [38.47868645073826], "dif": [4.732330717554638], "distances": {"0": [7.566245855772862, 12.2985765733275]}}, "Ns": {"aspect_differences": [3.7579476849620352, 3.791761209604351], "mms": [3.480229377452066], "dif": [0.28466031354092713], "distances": {"0": [8.179354940947361, 7.894694627406434]}}, "Cs": {"aspect_differences": [3.7579476849620352, 3.791761209604351], "mms": [2.391812767872824], "dif": [0.15388410444062472], "distances": {"0": [6.433785558285262, 6.279901453844637]}}}