{"metals": {"aspect_differences": [3.6031704987276374, 3.8528487409512024], "mms": [21.202019390323336, 0.4987676086236242], "dif": [3.460952049965643, 0.08744298750449886], "distances": {"path1": [12.862738567661241, 16.323690617626884], "path2": [17.44436661532886, 17.53180960283336]}}, "Ns": {"aspect_differences": [3.6031704987276374, 3.8528487409512024], "mms": [0.8955609881085246, 0.8786289188247174], "dif": [0.10942819433901363, 0.14025004788455142], "distances": {"path1": [12.10952682849334, 12.218955022832354], "path2": [15.822125521559991, 15.962375569444543]}}, "Cs": {"aspect_differences": [3.6031704987276374, 3.8528487409512024], "mms": [0.8699013677269486, 0.8543471871997829], "dif": [0.08544537482604397, 0.12381788028150531], "distances": {"path1": [9.736975648526599, 9.822421023352643], "path2": [14.368871056558339, 14.492688936839844]}}}