{"metals": {"aspect_differences": [5.9215457997557, 6.502338563897615], "mms": [29.968536301245685], "dif": [6.13095409218449], "distances": {"0": [20.45796975386365, 14.32701566167916]}}, "Ns": {"aspect_differences": [5.9215457997557, 6.502338563897615], "mms": [3.488576940715972], "dif": [0.561437462555654], "distances": {"0": [16.093595528967416, 15.532158066411762]}}, "Cs": {"aspect_differences": [5.9215457997557, 6.502338563897615], "mms": [2.6934203796311786], "dif": [0.39129827044931176], "distances": {"0": [14.527931599852746, 14.136633329403434]}}}