{"metals": {"aspect_differences": [2.509765355359722, 2.596070118064569], "mms": [19.9623389684186, 19.276362492854346, 19.860137676594025, 20.541153324630805], "dif": [3.388095174207903, 3.2716682569936264, 3.395303194284425, 3.511730111498702], "distances": {"0": [13.584340668946728, 16.97243584315463], "1": [16.97243584315463, 13.700767586161005], "2": [13.700767586161005, 17.09607078044543], "3": [17.09607078044543, 13.584340668946728]}}, "Ns": {"aspect_differences": [2.509765355359722, 2.596070118064569], "mms": [17.540873437228914, 17.413447749805925, 17.800918340017294, 17.927746185479716], "dif": [2.5281309645298347, 2.509765355359722, 2.577704508894456, 2.596070118064569], "distances": {"0": [11.88466879471195, 14.412799759241784], "1": [14.412799759241784, 11.903034403882062], "2": [11.903034403882062, 14.480738912776518], "3": [14.480738912776518, 11.88466879471195]}}, "Cs": {"aspect_differences": [2.509765355359722, 2.596070118064569], "mms": [14.489013851073688, 14.43331029963896, 14.706139530317126, 14.761665471081892], "dif": [1.7529893909026235, 1.7462499581362287, 1.7849501917972717, 1.7916896245636664], "distances": {"0": [10.345759419201666, 12.09874881010429], "1": [12.09874881010429, 10.352498851968061], "2": [10.352498851968061, 12.137449043765333], "3": [12.137449043765333, 10.345759419201666]}}}