{"metals": {"aspect_differences": [3.5644982111238015, 2.8130510982511154], "mms": [47.35650414253249, 37.33933064495892, 28.010660798620712, 39.519151023484156], "dif": [7.570434825767794, 5.969084378244373, 3.897547230686399, 5.49889767820982], "distances": {"0": [8.415616008944324, 15.986050834712119], "1": [15.986050834712119, 10.016966456467745], "2": [10.016966456467745, 13.914513687154145], "3": [13.914513687154145, 8.415616008944324]}}, "Ns": {"aspect_differences": [3.5644982111238015, 2.8130510982511154], "mms": [25.92618790187526, 30.656479533345344, 29.43389930456557, 24.62020895053165], "dif": [3.0144965046288004, 3.5644982111238015, 3.3630528047461166, 2.8130510982511154], "distances": {"0": [8.61272966544289, 11.62722617007169], "1": [11.62722617007169, 8.062727958947889], "2": [8.062727958947889, 11.425780763694005], "3": [11.425780763694005, 8.61272966544289]}}, "Cs": {"aspect_differences": [3.5644982111238015, 2.8130510982511154], "mms": [28.821377027084043, 32.27740722689049, 31.27899376643406, 27.772012371023052], "dif": [2.71853752026904, 3.0445229081472016, 2.907484747062541, 2.581499359184379], "distances": {"0": [6.713827622154147, 9.432365142423187], "1": [9.432365142423187, 6.387842234275985], "2": [6.387842234275985, 9.295326981338526], "3": [9.295326981338526, 6.713827622154147]}}}