{"metals": {"aspect_differences": [1.776214042894706, 1.9215390020349314], "mms": [4.732213844871529, 5.832040046235978], "dif": [0.6214961338480549, 0.7729753433795192], "distances": {"path1": [12.511810056902238, 13.133306190750293], "path2": [12.480969026882489, 13.253944370262008]}}, "Ns": {"aspect_differences": [1.776214042894706, 1.9215390020349314], "mms": [15.623641870818172, 16.59543683176297], "dif": [1.7818708142051776, 1.9158822307244598], "distances": {"path1": [9.6230937192776, 11.404964533482778], "path2": [9.628750490588072, 11.544632721312531]}}, "Cs": {"aspect_differences": [1.776214042894706, 1.9215390020349314], "mms": [27.175462787215842, 27.87196372740617], "dif": [2.705362695056672, 2.8036332277059284], "distances": {"path1": [7.249804273909745, 9.955166968966417], "path2": [7.255339491712293, 10.058972719418222]}}}