{"metals": {"aspect_differences": [0.8566945323894064, 1.3234107431945414], "mms": [42.61139438833054, 36.733727415590806], "dif": [6.9708025456210425, 6.027408602354466], "distances": {"path1": [9.388208103253783, 16.359010648874825], "path2": [10.380968729362401, 16.408377331716867]}}, "Ns": {"aspect_differences": [0.8566945323894064, 1.3234107431945414], "mms": [10.759432688640658, 6.856816332607512], "dif": [1.331892705695811, 0.8482125698881369], "distances": {"path1": [11.046944954601702, 12.378837660297513], "path2": [11.522143127908107, 12.370355697796244]}}, "Cs": {"aspect_differences": [0.8566945323894064, 1.3234107431945414], "mms": [1.1553338827901933, 1.8472468151469328], "dif": [0.11447149390270894, 0.18658843756900723], "distances": {"path1": [9.793616168709084, 9.908087662611793], "path2": [10.100893721349612, 9.914305283780605]}}}