{"metals": {"aspect_differences": [2.523743903892637, 2.447258619827526], "mms": [8.481065895967657, 7.30964340444072], "dif": [1.3802787410938393, 1.18210392053812], "distances": {"path1": [16.274826278028286, 14.894547536934446], "path2": [16.171841157394542, 14.989737236856422]}}, "Ns": {"aspect_differences": [2.523743903892637, 2.447258619827526], "mms": [16.92481658634515, 17.547640136504455], "dif": [2.439966800864834, 2.5310357228553286], "distances": {"path1": [11.97653684877227, 14.416503649637104], "path2": [11.892759745744467, 14.423795468599796]}}, "Cs": {"aspect_differences": [2.523743903892637, 2.447258619827526], "mms": [14.07567220941014, 14.558171372658691], "dif": [1.703684994482117, 1.7617021083760758], "distances": {"path1": [10.400070827162669, 12.103755821644786], "path2": [10.339420094956969, 12.101122203333045]}}}