{"metals": {"aspect_differences": [3.7579476849620352, 3.791761209604351], "mms": [38.47868645073826, 2.0387536099520918], "dif": [4.732330717554638, 0.29793114105166296], "distances": {"path1": [7.566245855772862, 12.2985765733275], "path2": [14.315464984763855, 14.613396125815518]}}, "Ns": {"aspect_differences": [3.7579476849620352, 3.791761209604351], "mms": [3.480229377452066, 2.6603520856203984], "dif": [0.28466031354092713, 0.3184738381832428], "distances": {"path1": [8.179354940947361, 7.894694627406434], "path2": [11.652642312368469, 11.971116150551712]}}, "Cs": {"aspect_differences": [3.7579476849620352, 3.791761209604351], "mms": [2.391812767872824, 1.6818432262657848], "dif": [0.15388410444062472, 0.16184400524671894], "distances": {"path1": [6.433785558285262, 6.279901453844637], "path2": [9.461169764357894, 9.623013769604613]}}}