{"metals": {"aspect_differences": [3.0179760206891704, 3.0755179261189696], "mms": [49.96631021119318, 49.44706270284473, 49.452974126790586, 49.972160916765006], "dif": [7.879846852615228, 7.7979598606181435, 7.799804183677307, 7.8816911756743915], "distances": {"0": [7.890472827403944, 15.770319680019172], "1": [15.770319680019172, 7.972359819401029], "2": [7.972359819401029, 15.772164003078336], "3": [15.772164003078336, 7.890472827403944]}}, "Ns": {"aspect_differences": [3.0179760206891704, 3.0755179261189696], "mms": [26.749560759113894, 26.349820317205065, 26.425348734366683, 26.82467924159534], "dif": [3.0637602823523444, 3.0179760206891704, 3.0297336644557955, 3.0755179261189696], "distances": {"0": [8.389737253335172, 11.453497535687516], "1": [11.453497535687516, 8.435521514998346], "2": [8.435521514998346, 11.465255179454141], "3": [11.465255179454141, 8.389737253335172]}}, "Cs": {"aspect_differences": [3.0179760206891704, 3.0755179261189696], "mms": [29.23813755739197, 28.9199796117803, 28.9640883952484, 29.28204890760308], "dif": [2.7215449635747317, 2.6919301786794536, 2.6977099802766302, 2.7273247651719084], "distances": {"0": [6.586657237172738, 9.30820220074747], "1": [9.30820220074747, 6.616272022068016], "2": [6.616272022068016, 9.313982002344646], "3": [9.313982002344646, 6.586657237172738]}}}