{"metals": {"aspect_differences": [0.8566945323894064, 1.3234107431945414], "mms": [42.61139438833054, 36.542808411972, 36.733727415590806, 42.78405528189141], "dif": [6.9708025456210425, 5.978041919512425, 6.027408602354466, 7.020169228463084], "distances": {"0": [9.388208103253783, 16.359010648874825], "1": [16.359010648874825, 10.380968729362401], "2": [10.380968729362401, 16.408377331716867], "3": [16.408377331716867, 9.388208103253783]}}, "Ns": {"aspect_differences": [0.8566945323894064, 1.3234107431945414], "mms": [10.759432688640658, 6.920637913663508, 6.856816332607512, 10.698243248011895], "dif": [1.331892705695811, 0.8566945323894064, 0.8482125698881369, 1.3234107431945414], "distances": {"0": [11.046944954601702, 12.378837660297513], "1": [12.378837660297513, 11.522143127908107], "2": [11.522143127908107, 12.370355697796244], "3": [12.370355697796244, 11.046944954601702]}}, "Cs": {"aspect_differences": [0.8566945323894064, 1.3234107431945414], "mms": [1.1553338827901933, 1.9088019739312498, 1.8472468151469328, 1.2173229653212638], "dif": [0.11447149390270894, 0.19280605873781909, 0.18658843756900723, 0.1206891150715208], "distances": {"0": [9.793616168709084, 9.908087662611793], "1": [9.908087662611793, 10.100893721349612], "2": [10.100893721349612, 9.914305283780605], "3": [9.914305283780605, 9.793616168709084]}}}