{"metals": {"aspect_differences": [3.5745892266497545, 3.600371594350751], "mms": [14.185864468228862, 14.255756757607967, 13.944242530345358, 13.874096317884138], "dif": [2.466998875829592, 2.479153524544415, 2.41620129731659, 2.404046648601767], "distances": {"0": [14.923544233860802, 17.390543109690395], "1": [17.390543109690395, 14.91138958514598], "2": [14.91138958514598, 17.32759088246257], "3": [17.32759088246257, 14.923544233860802]}}, "Ns": {"aspect_differences": [3.5745892266497545, 3.600371594350751], "mms": [22.6724928203258, 22.640520672048257, 22.741981062622678, 22.77391127800874], "dif": [3.5796371360349326, 3.5745892266497545, 3.5953236849655728, 3.600371594350751], "distances": {"0": [12.208821435339285, 15.788458571374218], "1": [15.788458571374218, 12.213869344724463], "2": [12.213869344724463, 15.809193029690036], "3": [15.809193029690036, 12.208821435339285]}}, "Cs": {"aspect_differences": [3.5745892266497545, 3.600371594350751], "mms": [31.62842749437285, 31.580534166132786, 31.685809768614032, 31.733629404390644], "dif": [4.538521966932182, 4.531649512640051, 4.553762817458013, 4.560635271750144], "distances": {"0": [9.810980447437453, 14.349502414369635], "1": [14.349502414369635, 9.817852901729584], "2": [9.817852901729584, 14.371615719187597], "3": [14.371615719187597, 9.810980447437453]}}}