{"metals": {"aspect_differences": [2.668485425617238, 2.5653055488618968], "mms": [21.01575777580715, 5.5301203865298945, 10.968615046198932, 6.0917030170096425], "dif": [3.6057222970739566, 0.8910165517945767, 1.669538132010162, 1.0451676132692178], "distances": {"0": [17.15723189969757, 13.551509602623614], "1": [16.112064286428353, 15.221047734633776], "2": [13.551509602623614, 15.221047734633776], "3": [16.112064286428353, 17.15723189969757]}}, "Ns": {"aspect_differences": [2.668485425617238, 2.5653055488618968], "mms": [18.36943444820883, 17.72954113161223, 18.044095082171335, 18.056129178668648], "dif": [2.668485425617238, 2.5653055488618968, 2.6108186836235703, 2.6229722908555644], "distances": {"0": [14.526769635400708, 11.85828420978347], "1": [11.903797344545143, 14.46910289340704], "2": [11.85828420978347, 14.46910289340704], "3": [11.903797344545143, 14.526769635400708]}}, "Cs": {"aspect_differences": [2.668485425617238, 2.5653055488618968], "mms": [15.14583874733519, 14.28635082300338, 14.759478503248861, 14.674855560375462], "dif": [1.8429891934614417, 1.7305247605671443, 1.787835348534518, 1.785678605494068], "distances": {"0": [12.168287436611612, 10.32529824315017], "1": [10.382608831117544, 12.113133591684688], "2": [10.32529824315017, 12.113133591684688], "3": [10.382608831117544, 12.168287436611612]}}}