{"metals": {"aspect_differences": [3.3883268405942406, 3.802486283589504], "mms": [34.344006549552425, 35.81194670058579], "dif": [6.794041436934659, 7.254968579765238], "distances": {"path1": [12.988279030341165, 19.782320467275824], "path2": [13.003546380122616, 20.258514959887854]}}, "Ns": {"aspect_differences": [3.3883268405942406, 3.802486283589504], "mms": [21.76825121269796, 23.721726478422777], "dif": [3.394721583694759, 3.7960915404889857], "distances": {"path1": [12.200107557722598, 15.594829141417357], "path2": [12.206502300823116, 16.002593841312102]}}, "Cs": {"aspect_differences": [3.3883268405942406, 3.802486283589504], "mms": [30.904460472442487, 32.48536234574476], "dif": [4.385497986020509, 4.719779859862685], "distances": {"path1": [9.805003705251721, 14.19050169127223], "path2": [9.809163390422244, 14.528943250284929]}}}