{"metals": {"aspect_differences": [2.0210540403292914, 2.299226536688778], "mms": [23.321778050113103, 21.28024055135048], "dif": [3.2160425248262356, 2.9325705293288102], "distances": {"path1": [13.789868499373009, 10.573825974546773], "path2": [13.780720768885784, 10.848150239556974]}}, "Ns": {"aspect_differences": [2.0210540403292914, 2.299226536688778], "mms": [17.38804831303462, 19.610265576249624], "dif": [2.0031053593166384, 2.317175217701431], "distances": {"path1": [9.51690725656187, 11.520012615878509], "path2": [9.498958575549217, 11.816133793250648]}}, "Cs": {"aspect_differences": [2.0210540403292914, 2.299226536688778], "mms": [28.372117197701456, 30.144759010887846], "dif": [2.841973296506426, 3.0917184086679983], "distances": {"path1": [7.174809295723476, 10.016782592229902], "path2": [7.164520188400616, 10.256238597068615]}}}