{"metals": {"aspect_differences": [0.08485278315758826, 0.18727021126004928], "mms": [22.73486979838337, 0.3774601354164549], "dif": [3.7149718691118085, 0.05198497377426392], "distances": {"path1": [16.3404140954261, 12.625442226314293], "path2": [13.720323383215135, 13.772308356989399]}}, "Ns": {"aspect_differences": [0.08485278315758826, 0.18727021126004928], "mms": [1.1843174985848688, 0.3450899328620968], "dif": [0.14361943200603022, 0.041202003903569206], "distances": {"path1": [12.126767710317536, 11.983148278311505], "path2": [11.939497499057486, 11.898295495153917]}}, "Cs": {"aspect_differences": [0.08485278315758826, 0.18727021126004928], "mms": [1.166226567263504, 0.41720376289109995], "dif": [0.11389928959285811, 0.04341052007358215], "distances": {"path1": [9.766480441284875, 9.652581151692017], "path2": [10.405112305977287, 10.361701785903705]}}}