{"metals": {"aspect_differences": [2.5453058991628676, 2.773742521060491], "mms": [20.024075215396163], "dif": [3.7512361464521042], "distances": {"0": [18.73362992348253, 14.982393777030424]}}, "Ns": {"aspect_differences": [2.5453058991628676, 2.773742521060491], "mms": [1.2214354313065774], "dif": [0.17810231228678752], "distances": {"0": [14.581393966627472, 14.403291654340684]}}, "Cs": {"aspect_differences": [2.5453058991628676, 2.773742521060491], "mms": [1.0433117337099103], "dif": [0.12735453449796807], "distances": {"0": [12.206757614534663, 12.079403080036695]}}}