{"metals": {"aspect_differences": [3.5644982111238015, 2.8130510982511154], "mms": [28.010660798620712, 47.35650414253249], "dif": [3.897547230686399, 7.570434825767794], "distances": {"path1": [10.016966456467745, 13.914513687154145], "path2": [8.415616008944324, 15.986050834712119]}}, "Ns": {"aspect_differences": [3.5644982111238015, 2.8130510982511154], "mms": [29.43389930456557, 25.92618790187526], "dif": [3.3630528047461166, 3.0144965046288004], "distances": {"path1": [8.062727958947889, 11.425780763694005], "path2": [8.61272966544289, 11.62722617007169]}}, "Cs": {"aspect_differences": [3.5644982111238015, 2.8130510982511154], "mms": [31.27899376643406, 28.821377027084043], "dif": [2.907484747062541, 2.71853752026904], "distances": {"path1": [6.387842234275985, 9.295326981338526], "path2": [6.713827622154147, 9.432365142423187]}}}