{"metals": {"aspect_differences": [2.668485425617238, 2.5653055488618968], "mms": [21.01575777580715, 5.5301203865298945], "dif": [3.6057222970739566, 0.8910165517945767], "distances": {"path1": [17.15723189969757, 13.551509602623614], "path2": [16.112064286428353, 15.221047734633776]}}, "Ns": {"aspect_differences": [2.668485425617238, 2.5653055488618968], "mms": [18.36943444820883, 17.72954113161223], "dif": [2.668485425617238, 2.5653055488618968], "distances": {"path1": [14.526769635400708, 11.85828420978347], "path2": [11.903797344545143, 14.46910289340704]}}, "Cs": {"aspect_differences": [2.668485425617238, 2.5653055488618968], "mms": [15.14583874733519, 14.28635082300338], "dif": [1.8429891934614417, 1.7305247605671443], "distances": {"path1": [12.168287436611612, 10.32529824315017], "path2": [10.382608831117544, 12.113133591684688]}}}