{"metals": {"aspect_differences": [4.10685952736247, 4.114981212564437], "mms": [3.609063754895291, 3.5412059773523232, 3.55169901382292, 3.6195494096217784], "dif": [0.45860098070393107, 0.44997834462902553, 0.45136078696701176, 0.4599834230419173], "distances": {"0": [12.248322804776171, 12.706923785480102], "1": [12.706923785480102, 12.256945440851077], "2": [12.256945440851077, 12.708306227818088], "3": [12.708306227818088, 12.248322804776171]}}, "Ns": {"aspect_differences": [4.10685952736247, 4.114981212564437], "mms": [34.359722792645016, 34.295015268916096, 34.29706123397172, 34.361766742795176], "dif": [4.114608312666526, 4.10685952736247, 4.1072324272603815, 4.114981212564437], "distances": {"0": [7.8604833884437415, 11.975091701110268], "1": [11.975091701110268, 7.868232173747797], "2": [7.868232173747797, 11.975464601008179], "3": [11.975464601008179, 7.8604833884437415]}}, "Cs": {"aspect_differences": [4.10685952736247, 4.114981212564437], "mms": [35.17583684480782, 35.11824369096484, 35.11952069721317, 35.17711271750456], "dif": [3.3933279815951947, 3.387772109211947, 3.387961980970517, 3.3935178533537647], "distances": {"0": [6.253430378600213, 9.646758360195408], "1": [9.646758360195408, 6.258986250983461], "2": [6.258986250983461, 9.646948231953978], "3": [9.646948231953978, 6.253430378600213]}}}