{"metals": {"aspect_differences": [4.3528653497288206, 4.105643870114889], "mms": [23.11902103004082, 7.561486148538962], "dif": [3.768728641933235, 0.7535954093864028], "distances": {"path1": [16.301419670997984, 12.532691029064749], "path2": [9.966234078627695, 9.212638669241292]}}, "Ns": {"aspect_differences": [4.3528653497288206, 4.105643870114889], "mms": [1.9976183619455172, 6.103974353492521], "dif": [0.24217876158554752, 0.4894002411994789], "distances": {"path1": [12.123374824692998, 11.881196063107451], "path2": [8.01773095457811, 7.52833071337863]}}, "Cs": {"aspect_differences": [4.3528653497288206, 4.105643870114889], "mms": [1.5147158490893198, 4.671405408660025], "dif": [0.1473990530306537, 0.29670765002740573], "distances": {"path1": [9.731135586867547, 9.583736533836893], "path2": [6.351571402416885, 6.054863752389479]}}}