structure,energy
fe4ll,-7946.134692461021
fe4dd,-7946.112099434512
fe6ll,-8019.886327933853
fe6dd,-8019.909949483303
fe7ll,-8176.776106044656
fe7dd,-8176.779722063313
zn1ll,-9738.652594651354
zn1ld,-9738.640288040953
zn2ll,-9973.904273459490
zn2ld,-9973.916309264621
