structure,energy
fe4ll,-7952.133972869115
fe4dd,-7952.115832775693
fe6ll,-8025.966352518210
fe6dd,-8025.990660159895
fe7ll,-8183.013776249195
fe7dd,-8183.019977427179
zn1ll,-9745.594793075024
zn1ld,-9745.591496548897
zn2ll,-9981.118797616087
zn2ld,-9981.126561923118
