structure,energy
fe4ll,-348.368792071033
fe4dd,-348.355302344851
fe6ll,-350.636460022365
fe6dd,-350.654926653453
fe7ll,-363.270976330338
fe7dd,-363.275138503636
zn1ll,-387.657690054647
zn1ld,-387.655908270781
zn2ll,-406.556236324478
zn2ld,-406.562802920248
