{"no_of_atoms": 138, "centre_of_mass": [3.3045277635366084, 35.097742398962644, 6.2620750284823385], "maximum_diameter": {"diameter": 21.024468313008995, "atom_1": 40, "atom_2": 137}, "pore_diameter": {"diameter": 6.345083426700304, "atom": 82}, "pore_volume": 133.75518683640377, "pore_diameter_opt": {"diameter": 6.3451440599007025, "atom_1": 75, "centre_of_mass": [3.30453468106282, 35.09773820044597, 6.262045809008727]}, "pore_volume_opt": 133.75902134038174, "windows": {"diameters": [3.855404507354535, 8.460336521221421e+42, 4.5910839043513985, 4.310676388274871], "centre_of_mass": [[5.982728191943903, 35.17215200009383, 9.750606685268092], [2.926917840827152e+40, -3.894872537637534e+42, 1.6502832313971156e+42], [4.815714348948895, 36.74270734083765, 4.639651176419838], [0.10323198789172938, 34.690862633947745, 1.8834173138712513]]}}