{"no_of_atoms": 138, "centre_of_mass": [6.350518760868259, 17.548758893236183, 4.726494573426358e-05], "maximum_diameter": {"diameter": 21.02358017999764, "atom_1": 54, "atom_2": 78}, "pore_diameter": {"diameter": 6.344538680376759, "atom": 20}, "pore_volume": 133.72073982315018, "pore_diameter_opt": {"diameter": 6.344549623087817, "atom_1": 89, "centre_of_mass": [6.350520007206577, 17.54875964721191, 4.199094531785301e-05]}, "pore_volume_opt": 133.72143172685622, "windows": {"diameters": [3.8678044775102474, 4.570291007366221, 5.316738526813069, 3.8300002869695136], "centre_of_mass": [[8.661594306514171, 16.90567517683781, 3.5667676194837097], [4.674660896222635, 19.31066095793702, 1.7581441659355042], [11.001376338470031, 17.69111102994756, -2.7268247244101578], [5.28072900992221, 20.21139322051254, -2.8394645398636422]]}}