{"no_of_atoms": 150, "centre_of_mass": [-3.52647466297483e-16, 7.666249267336588e-18, -3.721724449002309e-16], "maximum_diameter": {"diameter": 21.237869450701986, "atom_1": 38, "atom_2": 75}, "pore_diameter": {"diameter": 6.264321642381939, "atom": 91}, "pore_volume": 128.71251248969492, "pore_diameter_opt": {"diameter": 6.264321642381939, "atom_1": 91, "centre_of_mass": [-3.52647466297483e-16, 7.666249267336588e-18, -3.721724449002309e-16]}, "pore_volume_opt": 128.71251248969492, "windows": {"diameters": [4.326355433198012, 4.067484842548527, 4.0523237917503, 4.747980970340079], "centre_of_mass": [[1.1718769035404362, 0.02342618857492402, 2.6658113784798267], [-1.0114241477086603, 2.8359469972062628, -0.020564646843417533], [-0.9975883567452714, -2.8994575323761635, 0.020279451847505434], [0.5300449406540935, -0.007605776917814606, -4.949389099151677]]}}