{"no_of_atoms": 162, "centre_of_mass": [1.157688242570549e-18, -0.00248879431699684, -6.569343065326646e-07], "maximum_diameter": {"diameter": 23.046897253784522, "atom_1": 50, "atom_2": 51}, "pore_diameter": {"diameter": 4.542648705072477, "atom": 84}, "pore_volume": 49.0824328685107, "pore_diameter_opt": {"diameter": 4.5426490141430005, "atom_1": 7, "centre_of_mass": [-1.3755052939757267e-07, -0.0024888606461245873, -6.268918473094857e-07]}, "pore_volume_opt": 49.08244288685149, "windows": {"diameters": [4.7294423557653325, 4.751207035171372, 4.793686964474039, 4.670508637308448], "centre_of_mass": [[0.11360653118156348, -0.15193635192440552, 0.5187699255108512], [-0.23365717937327002, -1.5453218359105738, -1.422161300001922], [-0.2609375962020528, 1.1431890182083053, -1.6141993878338432], [-0.01489706033272058, -0.1808587760278595, -0.06798202092057831]]}}