{"no_of_atoms": 130, "centre_of_mass": [-0.0005696752692897491, -0.0020204883076266784, 0.00030941334591207684], "maximum_diameter": {"diameter": 19.372413850300372, "atom_1": 93, "atom_2": 94}, "pore_diameter": {"diameter": 4.299523162576596, "atom": 64}, "pore_volume": 41.615920109608396, "pore_diameter_opt": {"diameter": 4.364700015464223, "atom_1": 127, "centre_of_mass": [-0.022221901914363285, 0.018926621517194975, -0.012116627367467972]}, "pore_volume_opt": 43.537333111514336, "windows": {"diameters": [3.5466462023146943, 3.054110442043276, 3.4574667935820167, 3.330248868555954], "centre_of_mass": [[0.03989385138763489, -0.1394736661878828, 3.5847431522502298], [0.9200359437879202, 3.585028640040729, 0.3485676422505527], [-0.3625222857504337, -3.6497938963636045, 0.07322534887802298], [-0.33045465905010496, 0.5418141500745067, -2.737128242057721]]}}