{"no_of_atoms": 142, "centre_of_mass": [-0.00042161677664623597, -0.002248158679627239, 0.00614127169327302], "maximum_diameter": {"diameter": 19.806730298044503, "atom_1": 133, "atom_2": 136}, "pore_diameter": {"diameter": 4.408315177030627, "atom": 64}, "pore_volume": 44.85558594098844, "pore_diameter_opt": {"diameter": 4.488257092471159, "atom_1": 5, "centre_of_mass": [-0.016387028791822186, 0.01912467057922143, -0.041850579496189415]}, "pore_volume_opt": 47.34038655780374, "windows": {"diameters": [3.040458409155844, 2.8174102585825938, 3.09090075033359, 3.216160308090705], "centre_of_mass": [[0.27834871660274185, -0.4293692138823251, 3.784379644717195], [0.9841556489257095, 3.6361278202011555, 0.7160568994226751], [-0.28809668048984005, -3.5383841680541366, -0.05479323835272581], [0.4392641798507725, -0.029286199465246812, -2.7275569226849234]]}}