{"no_of_atoms": 138, "centre_of_mass": [18.037965019188107, 7.504199618486538, 11.475686389938236], "maximum_diameter": {"diameter": 20.70961901928909, "atom_1": 5, "atom_2": 132}, "pore_diameter": {"diameter": 6.650183682379199, "atom": 27}, "pore_volume": 153.9924913429234, "pore_diameter_opt": {"diameter": 6.653189387404437, "atom_1": 87, "centre_of_mass": [18.039628111140484, 7.5045000136509765, 11.474958225861851]}, "pore_volume_opt": 154.20138718275476, "windows": {"diameters": [4.596575657317256, 4.529010390489313, 5.014537029175392, 4.560237171892718], "centre_of_mass": [[15.95200101723731, 7.504476476152858, 13.785268317241473], [18.478196979347416, 4.6934735449317895, 12.513502954749173], [17.150481871957638, 12.804968901040986, 10.130025798053362], [20.08248513499304, 7.503973007393082, 9.237670600362557]]}}