{"no_of_atoms": 138, "centre_of_mass": [4.233112084007912, 0.00021763881393532182, 11.475686389938243], "maximum_diameter": {"diameter": 20.709267335758312, "atom_1": 26, "atom_2": 99}, "pore_diameter": {"diameter": 6.649790351819465, "atom": 126}, "pore_volume": 153.96516892297896, "pore_diameter_opt": {"diameter": 6.652486429943254, "atom_1": 123, "centre_of_mass": [4.234661971341111, -7.401458861744616e-10, 11.475039920772204]}, "pore_volume_opt": 154.15251487949826, "windows": {"diameters": [4.595739583235151, 4.529047321490108, 5.014851030621786, 4.559479469673541], "centre_of_mass": [[2.147160027388898, 1.674471971966081e-05, 13.78541166225498], [4.673029757075904, -2.8095857435371716, 12.51336190300045], [3.3456370088267953, 5.30097063228771, 10.129937296425204], [6.277308231276825, 0.000531918867618833, 9.237517606133235]]}}