{
    "ligand_aspect_ratio": 1.2298029639572488,
    "ligand_aspect_difference": 3.0036507438803,
    "face_properties": {
        "i": [
            3.8974334004869,
            2.6468425575150274,
            3.569148852670569,
            3.569148852670569
        ],
        "ii": [
            1.6993910882243686,
            2.3410231232753027,
            2.921346953542347,
            2.921346953542347
        ],
        "iii": [
            3.3183656091577696,
            1.8963516365188635,
            3.3281835433236413,
            3.3281835433236413
        ],
        "iv": [
            8.202473280942641,
            8.324649584419067,
            3.8699165454602777,
            3.8699165454602777
        ],
        "v": [
            2.887830605087169,
            8.866556471205469,
            3.803066596708552,
            3.803066596708552
        ],
        "vi": [
            6.5749880204879005,
            0.14779901027937292,
            3.5638870658465436,
            0.8327846985289344
        ],
        "vii": [
            5.6781070860561265,
            0.488645691835746,
            3.3368175964690128,
            0.7204029582632927
        ]
    },
    "face_long_properties": {
        "i": [
            2.466998875829592,
            2.41620129731659,
            3.5874804105002527,
            3.5874804105002527
        ],
        "ii": [
            1.8439701250298786,
            1.597468779665384,
            3.606043576242918,
            3.606043576242918
        ],
        "iii": [
            2.463451972333022,
            2.0075969716732605,
            3.4974881706331438,
            3.4974881706331438
        ],
        "iv": [
            6.794041436934659,
            7.254968579765238,
            3.5954065620918723,
            3.5954065620918723
        ],
        "v": [
            2.6340507013993513,
            7.359308521715464,
            3.7918508080150026,
            3.7918508080150026
        ],
        "vi": [
            5.643679541469314,
            0.022503387328727698,
            3.5686457113684584,
            0.10221165710757685
        ],
        "vii": [
            3.460952049965643,
            0.08744298750449886,
            3.72800961983942,
            0.12483912111178253
        ]
    },
    "flex_properties": {
        "c_conformers": 39,
        "c_rotamers": 87,
        "la_range": 0.8300998697015238
    },
    "ideal_pore_size": 13.075447465284263
}