{
    "ligand_aspect_ratio": 1.810779650463457,
    "ligand_aspect_difference": 5.91569832906373,
    "face_properties": {
        "i": [
            3.0564103677407317,
            3.343789244343256,
            3.420400639942038,
            3.420400639942038
        ],
        "ii": [
            1.618923639634163,
            1.5790238137623867,
            3.1374164658283474,
            3.1374164658283474
        ],
        "iii": [
            2.534063604179723,
            1.9195604688066403,
            2.890257685696434,
            2.890257685696434
        ],
        "iv": [
            7.216037581031728,
            7.484252587519608,
            3.1221436934473905,
            3.1221436934473905
        ],
        "v": [
            2.410932337713236,
            7.554192486098728,
            3.0838704194545077,
            3.0838704194545077
        ],
        "vi": [
            5.599151482543611,
            0.00936204745946867,
            3.476166630439054,
            0.4743538102597453
        ],
        "vii": [
            4.69017121703919,
            0.0403038600012362,
            2.6826845057210313,
            0.1285641822829895
        ]
    },
    "face_long_properties": {
        "i": [
            4.573036585621921,
            4.581532978693092,
            3.8599799700771653,
            3.8599799700771653
        ],
        "ii": [
            0.45860098070393107,
            0.45136078696701176,
            4.110920369963454,
            4.110920369963454
        ],
        "iii": [
            4.717276176584079,
            0.00531883649455267,
            3.869259540596984,
            3.869259540596984
        ],
        "iv": [
            7.879846852615228,
            7.799804183677307,
            3.04674697340407,
            3.04674697340407
        ],
        "v": [
            3.897547230686399,
            7.570434825767794,
            3.1887746546874585,
            3.1887746546874585
        ],
        "vi": [
            3.768728641933235,
            0.7535954093864028,
            4.229254609921854,
            0.3657895013925132
        ],
        "vii": [
            4.732330717554638,
            0.29793114105166296,
            3.774854447283193,
            0.301567075862085
        ]
    },
    "flex_properties": {
        "c_conformers": 20,
        "c_rotamers": 20,
        "la_range": 0.3625252280886304
    },
    "ideal_pore_size": 7.29612708648167
}