{
    "ligand_aspect_ratio": 1.263890429428721,
    "ligand_aspect_difference": 3.184739705745626,
    "face_properties": {
        "i": [
            1.6445471549016784,
            1.523953489891122,
            1.7211449364220943,
            1.7211449364220943
        ],
        "ii": [
            2.876984465372278,
            2.1828311270381544,
            2.0311328408755456,
            2.0311328408755456
        ],
        "iii": [
            2.188560331744034,
            2.970019153250263,
            1.9118802385599372,
            1.9118802385599372
        ],
        "iv": [
            5.550665091703351,
            5.583859442613747,
            1.3115091899118525,
            1.3115091899118525
        ],
        "v": [
            0.9838826944066099,
            6.230078202438703,
            1.5388987071281859,
            1.5388987071281859
        ],
        "vi": [
            6.017413459129154,
            0.6751496717109404,
            2.48520356377142,
            0.9635526842014892
        ],
        "vii": [
            5.588521174401212,
            0.5944352809443316,
            1.503421570708686,
            0.7446134513460327
        ]
    },
    "face_long_properties": {
        "i": [
            3.388095174207903,
            3.395303194284425,
            2.5529177367121454,
            2.5529177367121454
        ],
        "ii": [
            1.3802787410938393,
            1.18210392053812,
            2.4855012618600814,
            2.4855012618600814
        ],
        "iii": [
            3.6057222970739566,
            0.8910165517945767,
            2.6168954872395673,
            2.6168954872395673
        ],
        "iv": [
            8.268057853715108,
            8.428928143733515,
            3.253251822570621,
            3.253251822570621
        ],
        "v": [
            3.1105805794630985,
            8.003458618463018,
            2.5941844764833624,
            2.5941844764833624
        ],
        "vi": [
            3.7512361464521042,
            0.12941853980262152,
            2.6595242101116794,
            0.11421831094881174
        ],
        "vii": [
            5.793730459879518,
            0.04241592692290652,
            2.8496423872776377,
            0.2457971902856917
        ]
    },
    "flex_properties": {
        "c_conformers": 19,
        "c_rotamers": 125,
        "la_range": 0.984838662723849
    },
    "ideal_pore_size": 12.059224301151428
}