{
    "octop": {
        "C_cl1_quad2_3_d2": 0.5955933017414565,
        "C_cl1_quad2_3_th1": 0.6866937961417969,
        "C_cl1_quad2_3_th2": 0.4748681663584568,
        "C_cl1_quad2_3_td": 0.7155203809200487,
        "C_cl1_quad2_3_tl": 0.6829323486938262,
        "C_cl1_quad2_3_s41": 0.6710929452318979,
        "C_cl1_quad2_3_s42": 0.7025331224685543,
        "C_cl1_quad2_3_s61": 0.6962072833671927,
        "C_cl1_quad2_3_s62": 0.4562368680179002,
        "C_cl1_quad2_3_d31": 0.5399011055781826,
        "C_cl1_quad2_3_d32": 0.5431011591141893,
        "C_cl1_quad2_3_d31n": 0.6660428175009878,
        "C_cl1_quad2_3_d32n": 0.5633895306828195,
        "C_cl1_quad2_3_c2v": 0.5152289179278196,
        "C_cl1_quad2_3_c2h": 0.6069402619869696
    },
    "m_cube_shape": {
        "C_cl1_quad2_3_d2": 0.251,
        "C_cl1_quad2_3_th1": 0.063,
        "C_cl1_quad2_3_th2": 0.048,
        "C_cl1_quad2_3_td": 0.057,
        "C_cl1_quad2_3_tl": 0.065,
        "C_cl1_quad2_3_s41": 0.255,
        "C_cl1_quad2_3_s42": 0.048,
        "C_cl1_quad2_3_s61": 0.162,
        "C_cl1_quad2_3_s62": 0.106,
        "C_cl1_quad2_3_d31": 0.159,
        "C_cl1_quad2_3_d32": 0.105,
        "C_cl1_quad2_3_d31n": 0.099,
        "C_cl1_quad2_3_d32n": 0.127,
        "C_cl1_quad2_3_c2v": 0.154,
        "C_cl1_quad2_3_c2h": 0.103
    },
    "lsesum": {
        "C_cl1_quad2_3_d2": 1782.135907083808,
        "C_cl1_quad2_3_th1": 2107.489907724841,
        "C_cl1_quad2_3_th2": 1850.002141531615,
        "C_cl1_quad2_3_td": 1742.9259767906624,
        "C_cl1_quad2_3_tl": 1749.7937869590824,
        "C_cl1_quad2_3_s41": 1879.3252037748462,
        "C_cl1_quad2_3_s42": 1859.4695460099028,
        "C_cl1_quad2_3_s61": 1944.0699086198583,
        "C_cl1_quad2_3_s62": 1822.0709253011737,
        "C_cl1_quad2_3_d31": 1950.179902804317,
        "C_cl1_quad2_3_d32": 1812.7126759566017,
        "C_cl1_quad2_3_d31n": 1755.5664865952567,
        "C_cl1_quad2_3_d32n": 1766.1595938370447,
        "C_cl1_quad2_3_c2v": 1938.3683855824056,
        "C_cl1_quad2_3_c2h": 1862.2409607898444
    },
    "minitors": {
        "C_cl1_quad2_3_d2": 171.2626884744308,
        "C_cl1_quad2_3_th1": 174.51985196445165,
        "C_cl1_quad2_3_th2": 170.51558398814038,
        "C_cl1_quad2_3_td": 175.75510724032517,
        "C_cl1_quad2_3_tl": 173.73848098659988,
        "C_cl1_quad2_3_s41": 170.45003400718264,
        "C_cl1_quad2_3_s42": 175.34973353566056,
        "C_cl1_quad2_3_s61": 175.43287129864802,
        "C_cl1_quad2_3_s62": 171.3742933192577,
        "C_cl1_quad2_3_d31": 168.6688699253441,
        "C_cl1_quad2_3_d32": 170.37262508461467,
        "C_cl1_quad2_3_d31n": 175.90083494773083,
        "C_cl1_quad2_3_d32n": 174.94279910100477,
        "C_cl1_quad2_3_c2v": 173.05395884978037,
        "C_cl1_quad2_3_c2h": 171.35416396853952
    },
    "maxcrplan": {
        "C_cl1_quad2_3_d2": 109.14534936535462,
        "C_cl1_quad2_3_th1": 92.06245695247047,
        "C_cl1_quad2_3_th2": 132.07691841622642,
        "C_cl1_quad2_3_td": 100.73604141629735,
        "C_cl1_quad2_3_tl": 91.6445350379029,
        "C_cl1_quad2_3_s41": 109.92724330305016,
        "C_cl1_quad2_3_s42": 88.97931273294562,
        "C_cl1_quad2_3_s61": 82.78264955993528,
        "C_cl1_quad2_3_s62": 106.6330016926445,
        "C_cl1_quad2_3_d31": 90.85717783679398,
        "C_cl1_quad2_3_d32": 109.57265878316115,
        "C_cl1_quad2_3_d31n": 84.41981913785699,
        "C_cl1_quad2_3_d32n": 88.78066286142399,
        "C_cl1_quad2_3_c2v": 97.46448005663468,
        "C_cl1_quad2_3_c2h": 85.22551301727688
    },
    "porediam": {
        "C_cl1_quad2_3_d2": 9.256048395230069,
        "C_cl1_quad2_3_th1": 11.448686339880242,
        "C_cl1_quad2_3_th2": 10.373903895075149,
        "C_cl1_quad2_3_td": 10.649840153726064,
        "C_cl1_quad2_3_tl": 10.17920995256726,
        "C_cl1_quad2_3_s41": 9.142728038568242,
        "C_cl1_quad2_3_s42": 9.984229239747046,
        "C_cl1_quad2_3_s61": 10.8073014699867,
        "C_cl1_quad2_3_s62": 10.476176598472774,
        "C_cl1_quad2_3_d31": 10.333603270994741,
        "C_cl1_quad2_3_d32": 9.971549196264341,
        "C_cl1_quad2_3_d31n": 9.984888136015773,
        "C_cl1_quad2_3_d32n": 10.132254486028833,
        "C_cl1_quad2_3_c2v": 10.9227776422489,
        "C_cl1_quad2_3_c2h": 11.079591241399529
    },
    "maxMLlength": {
        "C_cl1_quad2_3_d2": 2.2073919679114535,
        "C_cl1_quad2_3_th1": 2.161761987361236,
        "C_cl1_quad2_3_th2": 2.1721814426976405,
        "C_cl1_quad2_3_td": 2.1569496934328343,
        "C_cl1_quad2_3_tl": 2.1623636905016697,
        "C_cl1_quad2_3_s41": 2.1671089728022443,
        "C_cl1_quad2_3_s42": 2.1711914217774533,
        "C_cl1_quad2_3_s61": 2.169460368386571,
        "C_cl1_quad2_3_s62": 2.1918192443721263,
        "C_cl1_quad2_3_d31": 2.1826334208932114,
        "C_cl1_quad2_3_d32": 2.1598527866500525,
        "C_cl1_quad2_3_d31n": 2.1510115527351314,
        "C_cl1_quad2_3_d32n": 2.157191929337767,
        "C_cl1_quad2_3_c2v": 2.186529727673512,
        "C_cl1_quad2_3_c2h": 2.221801946619005
    },
    "formatione": {
        "C_cl1_quad2_3_d2": -2016.3168750759214,
        "C_cl1_quad2_3_th1": -1714.27344160527,
        "C_cl1_quad2_3_th2": -1940.9895071946084,
        "C_cl1_quad2_3_td": -2017.0600240528584,
        "C_cl1_quad2_3_tl": -2033.7506918730214,
        "C_cl1_quad2_3_s41": -1913.8931651487947,
        "C_cl1_quad2_3_s42": -1958.642967628315,
        "C_cl1_quad2_3_s61": -1867.6474731015041,
        "C_cl1_quad2_3_s62": -1967.6704424340278,
        "C_cl1_quad2_3_d31": -1849.0242525488138,
        "C_cl1_quad2_3_d32": -2001.1370745636523,
        "C_cl1_quad2_3_d31n": -2053.9210808146745,
        "C_cl1_quad2_3_d32n": -2038.5385409332812,
        "C_cl1_quad2_3_c2v": -1855.0351320002228,
        "C_cl1_quad2_3_c2h": -1926.9232134725899
    },
    "maxintangledev": {
        "C_cl1_quad2_3_d2": 1.283862821575383,
        "C_cl1_quad2_3_th1": 0.23610618177588094,
        "C_cl1_quad2_3_th2": 0.09280073910906594,
        "C_cl1_quad2_3_td": 0.191152299451403,
        "C_cl1_quad2_3_tl": 0.33048803902539703,
        "C_cl1_quad2_3_s41": 0.28667501632833137,
        "C_cl1_quad2_3_s42": 0.20402459991311162,
        "C_cl1_quad2_3_s61": 0.39634971130175245,
        "C_cl1_quad2_3_s62": 0.3076786273603602,
        "C_cl1_quad2_3_d31": 0.7342020704074912,
        "C_cl1_quad2_3_d32": 0.12570566207517686,
        "C_cl1_quad2_3_d31n": 0.03805835486627984,
        "C_cl1_quad2_3_d32n": 0.1565445297042629,
        "C_cl1_quad2_3_c2v": 0.1904043463852645,
        "C_cl1_quad2_3_c2h": 0.5783058563699797
    }
}