{
    "octop": {
        "C_cl1_quad2_2_d2": 0.6719250563431439,
        "C_cl1_quad2_2_th1": 0.5317652124812016,
        "C_cl1_quad2_2_th2": 0.610979967692597,
        "C_cl1_quad2_2_td": 0.6302673624533088,
        "C_cl1_quad2_2_tl": 0.5965252530359869,
        "C_cl1_quad2_2_s41": 0.6276121030645186,
        "C_cl1_quad2_2_s42": 0.606740087604034,
        "C_cl1_quad2_2_s61": 0.4981327386864682,
        "C_cl1_quad2_2_s62": 0.5831086020843189,
        "C_cl1_quad2_2_d31": 0.6044271163019878,
        "C_cl1_quad2_2_d32": 0.5959339169237896,
        "C_cl1_quad2_2_d31n": 0.5571257147001691,
        "C_cl1_quad2_2_d32n": 0.5949501147490142,
        "C_cl1_quad2_2_c2v": 0.6198317995951977,
        "C_cl1_quad2_2_c2h": 0.6002420536730135
    },
    "m_cube_shape": {
        "C_cl1_quad2_2_d2": 0.534,
        "C_cl1_quad2_2_th1": 0.209,
        "C_cl1_quad2_2_th2": 0.013,
        "C_cl1_quad2_2_td": 0.237,
        "C_cl1_quad2_2_tl": 0.038,
        "C_cl1_quad2_2_s41": 0.608,
        "C_cl1_quad2_2_s42": 0.4,
        "C_cl1_quad2_2_s61": 0.252,
        "C_cl1_quad2_2_s62": 0.092,
        "C_cl1_quad2_2_d31": 0.879,
        "C_cl1_quad2_2_d32": 1.462,
        "C_cl1_quad2_2_d31n": 1.126,
        "C_cl1_quad2_2_d32n": 1.185,
        "C_cl1_quad2_2_c2v": 0.2,
        "C_cl1_quad2_2_c2h": 0.102
    },
    "lsesum": {
        "C_cl1_quad2_2_d2": 1780.8504668207606,
        "C_cl1_quad2_2_th1": 2325.6432525439886,
        "C_cl1_quad2_2_th2": 1626.6748595221434,
        "C_cl1_quad2_2_td": 1837.2965941644507,
        "C_cl1_quad2_2_tl": 1855.4057297291001,
        "C_cl1_quad2_2_s41": 1867.283358511224,
        "C_cl1_quad2_2_s42": 1893.3712150932406,
        "C_cl1_quad2_2_s61": 2050.1742549461196,
        "C_cl1_quad2_2_s62": 1768.8182758828625,
        "C_cl1_quad2_2_d31": 2006.274433162238,
        "C_cl1_quad2_2_d32": 1622.628555100644,
        "C_cl1_quad2_2_d31n": 1737.905469895224,
        "C_cl1_quad2_2_d32n": 1751.5304623030825,
        "C_cl1_quad2_2_c2v": 1943.309550823702,
        "C_cl1_quad2_2_c2h": 1891.6803761351039
    },
    "minitors": {
        "C_cl1_quad2_2_d2": 172.81574345461692,
        "C_cl1_quad2_2_th1": 172.51883048854305,
        "C_cl1_quad2_2_th2": 172.68075863860923,
        "C_cl1_quad2_2_td": 171.85549041198138,
        "C_cl1_quad2_2_tl": 173.17150685757676,
        "C_cl1_quad2_2_s41": 172.62706980350234,
        "C_cl1_quad2_2_s42": 171.6856662899207,
        "C_cl1_quad2_2_s61": 169.69086899642798,
        "C_cl1_quad2_2_s62": 168.877330282731,
        "C_cl1_quad2_2_d31": 175.8986502692143,
        "C_cl1_quad2_2_d32": 173.18695153161806,
        "C_cl1_quad2_2_d31n": 172.13021300285217,
        "C_cl1_quad2_2_d32n": 172.63704669460185,
        "C_cl1_quad2_2_c2v": 172.7346989672067,
        "C_cl1_quad2_2_c2h": 170.04766239655592
    },
    "maxcrplan": {
        "C_cl1_quad2_2_d2": 107.39880214063125,
        "C_cl1_quad2_2_th1": 111.3076457438607,
        "C_cl1_quad2_2_th2": 80.62457677589398,
        "C_cl1_quad2_2_td": 121.15759108730842,
        "C_cl1_quad2_2_tl": 81.08688848310379,
        "C_cl1_quad2_2_s41": 88.28832470845286,
        "C_cl1_quad2_2_s42": 89.61037459342784,
        "C_cl1_quad2_2_s61": 106.08983669372437,
        "C_cl1_quad2_2_s62": 78.55317115029526,
        "C_cl1_quad2_2_d31": 97.29050912930765,
        "C_cl1_quad2_2_d32": 92.14371324258745,
        "C_cl1_quad2_2_d31n": 92.32092647857031,
        "C_cl1_quad2_2_d32n": 70.79895008859755,
        "C_cl1_quad2_2_c2v": 100.65147136386102,
        "C_cl1_quad2_2_c2h": 89.68264040865056
    },
    "porediam": {
        "C_cl1_quad2_2_d2": 6.896363256424085,
        "C_cl1_quad2_2_th1": 8.414866897876765,
        "C_cl1_quad2_2_th2": 8.838628578247224,
        "C_cl1_quad2_2_td": 7.374500712417316,
        "C_cl1_quad2_2_tl": 10.479937400255618,
        "C_cl1_quad2_2_s41": 8.416765432452374,
        "C_cl1_quad2_2_s42": 8.019525535304915,
        "C_cl1_quad2_2_s61": 8.085127757498917,
        "C_cl1_quad2_2_s62": 8.992147843965727,
        "C_cl1_quad2_2_d31": 8.12759627245809,
        "C_cl1_quad2_2_d32": 7.861370851864761,
        "C_cl1_quad2_2_d31n": 7.056682312410054,
        "C_cl1_quad2_2_d32n": 10.22632084553848,
        "C_cl1_quad2_2_c2v": 8.306024117811463,
        "C_cl1_quad2_2_c2h": 9.159013970267669
    },
    "maxMLlength": {
        "C_cl1_quad2_2_d2": 2.1735464200241963,
        "C_cl1_quad2_2_th1": 2.1842537169477354,
        "C_cl1_quad2_2_th2": 2.212816903858067,
        "C_cl1_quad2_2_td": 2.1713775120876613,
        "C_cl1_quad2_2_tl": 2.180455665680915,
        "C_cl1_quad2_2_s41": 2.1968788519169653,
        "C_cl1_quad2_2_s42": 2.2584495455953846,
        "C_cl1_quad2_2_s61": 2.198688741045444,
        "C_cl1_quad2_2_s62": 2.2423883718035995,
        "C_cl1_quad2_2_d31": 2.1574366363812407,
        "C_cl1_quad2_2_d32": 2.229297299599136,
        "C_cl1_quad2_2_d31n": 2.2081253768751443,
        "C_cl1_quad2_2_d32n": 2.1771465224003648,
        "C_cl1_quad2_2_c2v": 2.1916888944373474,
        "C_cl1_quad2_2_c2h": 2.21270573054801
    },
    "formatione": {
        "C_cl1_quad2_2_d2": -2001.6382906530052,
        "C_cl1_quad2_2_th1": -1440.371525036171,
        "C_cl1_quad2_2_th2": -2073.4468592368066,
        "C_cl1_quad2_2_td": -1949.1889799097553,
        "C_cl1_quad2_2_tl": -1823.4605528004467,
        "C_cl1_quad2_2_s41": -1856.5514394585043,
        "C_cl1_quad2_2_s42": -1839.7696591410786,
        "C_cl1_quad2_2_s61": -1684.6638523712754,
        "C_cl1_quad2_2_s62": -1953.3977000191808,
        "C_cl1_quad2_2_d31": -1772.043019708246,
        "C_cl1_quad2_2_d32": -2118.3924887347966,
        "C_cl1_quad2_2_d31n": -2001.4540562350303,
        "C_cl1_quad2_2_d32n": -1920.2956402720883,
        "C_cl1_quad2_2_c2v": -1804.621442873031,
        "C_cl1_quad2_2_c2h": -1831.9124067649245
    },
    "maxintangledev": {
        "C_cl1_quad2_2_d2": 1.2292511195460065,
        "C_cl1_quad2_2_th1": 0.6771782055573681,
        "C_cl1_quad2_2_th2": 0.047230200976343895,
        "C_cl1_quad2_2_td": 1.214086119426213,
        "C_cl1_quad2_2_tl": 0.09238529885294611,
        "C_cl1_quad2_2_s41": 0.26929331809685664,
        "C_cl1_quad2_2_s42": 0.33636030375936343,
        "C_cl1_quad2_2_s61": 0.8987731866597528,
        "C_cl1_quad2_2_s62": 0.20825194921934553,
        "C_cl1_quad2_2_d31": 0.18871822133939986,
        "C_cl1_quad2_2_d32": 0.3244866692966184,
        "C_cl1_quad2_2_d31n": 0.3697399436791784,
        "C_cl1_quad2_2_d32n": 0.16640756338148321,
        "C_cl1_quad2_2_c2v": 0.290875022158275,
        "C_cl1_quad2_2_c2h": 0.12674576833518358
    }
}