{
    "ligand_aspect_ratio": 1.0474443180457718,
    "ligand_aspect_difference": 0.5149915437303312,
    "face_properties": {
        "i": [
            1.8143391137212674,
            1.4769832648676964,
            1.747195496977648,
            1.747195496977648
        ],
        "ii": [
            2.65528910658195,
            2.9148295262107276,
            1.810392512673352,
            1.810392512673352
        ],
        "iii": [
            1.0142584392912006,
            4.151183118803738,
            1.020063899472845,
            1.020063899472845
        ],
        "iv": [
            5.535255301033555,
            5.665072231767651,
            1.3054146455384181,
            1.3054146455384181
        ],
        "v": [
            0.24293580099170242,
            6.615953324402973,
            1.424861057471765,
            1.424861057471765
        ],
        "vi": [
            6.229081035422041,
            0.09552011772724711,
            1.6673952939941579,
            0.6769050825922704
        ],
        "vii": [
            5.341169881795553,
            0.4719212391038745,
            1.0825607927042764,
            0.4396879337042954
        ]
    },
    "face_long_properties": {
        "i": [
            0.6214961338480549,
            0.7729753433795192,
            1.8488765224648187,
            1.8488765224648187
        ],
        "ii": [
            3.2160425248262356,
            2.9325705293288102,
            2.1601402885090346,
            2.1601402885090346
        ],
        "iii": [
            1.0253071014838007,
            4.304513244331416,
            1.699402065170391,
            1.699402065170391
        ],
        "iv": [
            5.563940136515859,
            5.829866404686014,
            2.102742528172116,
            2.102742528172116
        ],
        "v": [
            0.5217123016266214,
            5.585660161035264,
            1.8882925681118392,
            1.8882925681118392
        ],
        "vi": [
            6.315223049102924,
            0.022943549293211518,
            1.9855884840197362,
            0.36921412482014304
        ],
        "vii": [
            3.573301729144152,
            0.02891582646988411,
            1.8245036291523116,
            0.09624785755203202
        ]
    },
    "flex_properties": {
        "c_conformers": 18,
        "c_rotamers": 20,
        "la_range": 0.36407202841626507
    },
    "ideal_pore_size": 10.848174535392852
}