{
    "ligand_aspect_ratio": 1.0636080824399081,
    "ligand_aspect_difference": 0.7725323082768494,
    "face_properties": {
        "i": [
            0.15094698390316275,
            0.1040589887135166,
            0.13675547614203865,
            0.13675547614203865
        ],
        "ii": [
            5.272150372596087,
            4.540879982290157,
            0.38878459851486724,
            0.38878459851486724
        ],
        "iii": [
            0.28066692775282753,
            5.37740021535282,
            0.3656919222774775,
            0.3656919222774775
        ],
        "iv": [
            3.6770649239492634,
            4.24841134904829,
            0.4972923984399964,
            0.4972923984399964
        ],
        "v": [
            0.8616426511964423,
            4.957248082633978,
            0.24980897633203103,
            0.4636182531143058
        ],
        "vi": [
            5.566331807903005,
            0.17815401868536007,
            0.5151944020685448,
            0.5151944020685448
        ],
        "vii": [
            5.256286287693015,
            0.18017201790606485,
            0.8203354372970493,
            0.3525170052421336
        ]
    },
    "face_long_properties": {
        "i": [
            1.760555868627815,
            1.5504528772232682,
            0.5522804930403806,
            0.5522804930403806
        ],
        "ii": [
            2.736049094969969,
            2.995846251058186,
            0.4413824299591118,
            0.4413824299591118
        ],
        "iii": [
            1.6182944811485775,
            2.963663977254214,
            0.4866977262465202,
            0.4866977262465202
        ],
        "iv": [
            6.9708025456210425,
            6.027408602354466,
            1.090052637791974,
            1.090052637791974
        ],
        "v": [
            1.195375149483981,
            6.327058163381556,
            0.5768054696772458,
            0.5768054696772458
        ],
        "vi": [
            3.7149718691118085,
            0.05198497377426392,
            0.13606149720881877,
            0.09241071795479971
        ],
        "vii": [
            6.414540295527258,
            0.04366537897741907,
            0.7658023169247974,
            0.3410111926751602
        ]
    },
    "flex_properties": {
        "c_conformers": 63,
        "c_rotamers": 124,
        "la_range": 0.9243950676980521
    },
    "ideal_pore_size": 12.145218175858469
}