{
    "ligand_aspect_ratio": 1.5585649082894775,
    "ligand_aspect_difference": 5.841301411141106,
    "face_properties": {
        "i": [
            5.825997528440828,
            6.542655675563143,
            6.406257164018661,
            6.406257164018661
        ],
        "ii": [
            0.4670844197113464,
            0.47381344515538437,
            5.455125154072245,
            5.455125154072245
        ],
        "iii": [
            6.147293762634295,
            0.20941872635239633,
            5.710329959269474,
            5.710329959269474
        ],
        "iv": [
            10.75550019773889,
            11.195646307004537,
            6.585541200399531,
            6.585541200399531
        ],
        "v": [
            5.099980604458006,
            10.774867496074483,
            6.044427559682029,
            6.044427559682029
        ],
        "vi": [
            6.769273204321738,
            0.23284585751209264,
            6.397200267407943,
            0.8568142065806654
        ],
        "vii": [
            5.175861940750039,
            0.14411652211851234,
            6.077906849392309,
            0.3417226726277489
        ]
    },
    "face_long_properties": {
        "i": [
            4.6549040892888165,
            5.1043103421702405,
            6.088868534748581,
            6.088868534748581
        ],
        "ii": [
            0.4999075182420807,
            0.4400849781082101,
            5.843054648671698,
            5.843054648671698
        ],
        "iii": [
            4.961574414834502,
            0.6385171596182229,
            6.0544525250208,
            6.0544525250208
        ],
        "iv": [
            10.039774343023392,
            10.504713032685665,
            6.557378240751754,
            6.557378240751754
        ],
        "v": [
            4.912378537740411,
            9.676345863773609,
            6.147592455593215,
            6.147592455593215
        ],
        "vi": [
            6.13095409218449,
            0.015215264464277567,
            6.211942181826657,
            0.2903963820709574
        ],
        "vii": [
            3.5690203469373536,
            0.006340875275014923,
            6.137320382720101,
            0.11468988256775159
        ]
    },
    "flex_properties": {
        "c_conformers": 22,
        "c_rotamers": 29,
        "la_range": 0.3880019777337953
    },
    "ideal_pore_size": 10.46007711958379
}