{
    "octop": {
        "C_cl1_quad2_8_d2": 0.5773115348205914,
        "C_cl1_quad2_8_th1": 0.6590428777531625,
        "C_cl1_quad2_8_th2": 0.6862944761265666,
        "C_cl1_quad2_8_td": 0.611864447035229,
        "C_cl1_quad2_8_tl": 0.4992539978116444,
        "C_cl1_quad2_8_s41": 0.6411551320938058,
        "C_cl1_quad2_8_s42": 0.42003911618141127,
        "C_cl1_quad2_8_s61": 0.5299117549847447,
        "C_cl1_quad2_8_s62": 0.622745996092599,
        "C_cl1_quad2_8_d31": 0.5367793909550054,
        "C_cl1_quad2_8_d32": 0.6658854714888545,
        "C_cl1_quad2_8_d31n": 0.5632251010583884,
        "C_cl1_quad2_8_d32n": 0.61730381234156,
        "C_cl1_quad2_8_c2v": 0.6397797686703259,
        "C_cl1_quad2_8_c2h": 0.5645583291724493
    },
    "m_cube_shape": {
        "C_cl1_quad2_8_d2": 1.442,
        "C_cl1_quad2_8_th1": 0.049,
        "C_cl1_quad2_8_th2": 0.003,
        "C_cl1_quad2_8_td": 0.199,
        "C_cl1_quad2_8_tl": 0.174,
        "C_cl1_quad2_8_s41": 0.527,
        "C_cl1_quad2_8_s42": 1.125,
        "C_cl1_quad2_8_s61": 0.196,
        "C_cl1_quad2_8_s62": 0.235,
        "C_cl1_quad2_8_d31": 1.785,
        "C_cl1_quad2_8_d32": 0.839,
        "C_cl1_quad2_8_d31n": 1.614,
        "C_cl1_quad2_8_d32n": 1.459,
        "C_cl1_quad2_8_c2v": 0.029,
        "C_cl1_quad2_8_c2h": 0.234
    },
    "lsesum": {
        "C_cl1_quad2_8_d2": 1846.4931388718542,
        "C_cl1_quad2_8_th1": 2009.8813732259441,
        "C_cl1_quad2_8_th2": 1802.077816672041,
        "C_cl1_quad2_8_td": 1822.7067318609916,
        "C_cl1_quad2_8_tl": 1831.8041461113025,
        "C_cl1_quad2_8_s41": 1869.3698058610316,
        "C_cl1_quad2_8_s42": 1935.6692434081924,
        "C_cl1_quad2_8_s61": 1909.9724776541116,
        "C_cl1_quad2_8_s62": 1794.5443775167805,
        "C_cl1_quad2_8_d31": 1938.5165419514524,
        "C_cl1_quad2_8_d32": 1804.6471254035132,
        "C_cl1_quad2_8_d31n": 1807.038599780586,
        "C_cl1_quad2_8_d32n": 1819.4768947514822,
        "C_cl1_quad2_8_c2v": 1850.7633698911523,
        "C_cl1_quad2_8_c2h": 1843.80955787329
    },
    "minitors": {
        "C_cl1_quad2_8_d2": 171.18952407286778,
        "C_cl1_quad2_8_th1": 171.18930376728517,
        "C_cl1_quad2_8_th2": 174.25916519572164,
        "C_cl1_quad2_8_td": 167.88835086670952,
        "C_cl1_quad2_8_tl": 168.58313541275075,
        "C_cl1_quad2_8_s41": 168.3589912982295,
        "C_cl1_quad2_8_s42": 167.0548372125113,
        "C_cl1_quad2_8_s61": 170.17235147674273,
        "C_cl1_quad2_8_s62": 173.29808709036104,
        "C_cl1_quad2_8_d31": 169.04144475580583,
        "C_cl1_quad2_8_d32": 167.51077806253699,
        "C_cl1_quad2_8_d31n": 169.82636498647696,
        "C_cl1_quad2_8_d32n": 169.00174147691024,
        "C_cl1_quad2_8_c2v": 171.0903827769617,
        "C_cl1_quad2_8_c2h": 171.22973684693133
    },
    "maxcrplan": {
        "C_cl1_quad2_8_d2": 207.18412603360093,
        "C_cl1_quad2_8_th1": 240.9196599408548,
        "C_cl1_quad2_8_th2": 72.26988079839253,
        "C_cl1_quad2_8_td": 182.62208778847682,
        "C_cl1_quad2_8_tl": 196.8088319327258,
        "C_cl1_quad2_8_s41": 128.57515176309178,
        "C_cl1_quad2_8_s42": 160.04190264343995,
        "C_cl1_quad2_8_s61": 195.62171375254897,
        "C_cl1_quad2_8_s62": 97.12185561303221,
        "C_cl1_quad2_8_d31": 140.52538371444868,
        "C_cl1_quad2_8_d32": 86.51547224520321,
        "C_cl1_quad2_8_d31n": 122.66214872611306,
        "C_cl1_quad2_8_d32n": 114.72577976113537,
        "C_cl1_quad2_8_c2v": 223.1059364398208,
        "C_cl1_quad2_8_c2h": 165.78675065883095
    },
    "porediam": {
        "C_cl1_quad2_8_d2": 7.612030716366327,
        "C_cl1_quad2_8_th1": 6.621828849659531,
        "C_cl1_quad2_8_th2": 9.883882783423525,
        "C_cl1_quad2_8_td": 9.336159456215618,
        "C_cl1_quad2_8_tl": 9.10634102981492,
        "C_cl1_quad2_8_s41": 8.566418021245465,
        "C_cl1_quad2_8_s42": 7.676514374619677,
        "C_cl1_quad2_8_s61": 6.248193606531693,
        "C_cl1_quad2_8_s62": 10.062470769809972,
        "C_cl1_quad2_8_d31": 8.737745396197514,
        "C_cl1_quad2_8_d32": 10.221088749294871,
        "C_cl1_quad2_8_d31n": 9.733660224087632,
        "C_cl1_quad2_8_d32n": 9.372139335490246,
        "C_cl1_quad2_8_c2v": 7.998645927102686,
        "C_cl1_quad2_8_c2h": 8.527529378247785
    },
    "maxMLlength": {
        "C_cl1_quad2_8_d2": 2.21950062401433,
        "C_cl1_quad2_8_th1": 2.17316400899702,
        "C_cl1_quad2_8_th2": 2.148355745680868,
        "C_cl1_quad2_8_td": 2.1777551492305105,
        "C_cl1_quad2_8_tl": 2.1873963221144903,
        "C_cl1_quad2_8_s41": 2.188704881887917,
        "C_cl1_quad2_8_s42": 2.2579630665712855,
        "C_cl1_quad2_8_s61": 2.1759839958051157,
        "C_cl1_quad2_8_s62": 2.1882785745877973,
        "C_cl1_quad2_8_d31": 2.182724187798357,
        "C_cl1_quad2_8_d32": 2.166706288355669,
        "C_cl1_quad2_8_d31n": 2.201918004831242,
        "C_cl1_quad2_8_d32n": 2.169638785604646,
        "C_cl1_quad2_8_c2v": 2.172879363885625,
        "C_cl1_quad2_8_c2h": 2.176466710060138
    },
    "formatione": {
        "C_cl1_quad2_8_d2": -1994.642720666714,
        "C_cl1_quad2_8_th1": -1888.8699591662735,
        "C_cl1_quad2_8_th2": -2081.205339149572,
        "C_cl1_quad2_8_td": -2005.9547937223688,
        "C_cl1_quad2_8_tl": -1999.09841560293,
        "C_cl1_quad2_8_s41": -1982.190914134495,
        "C_cl1_quad2_8_s42": -1888.8004182465374,
        "C_cl1_quad2_8_s61": -1973.3902405397967,
        "C_cl1_quad2_8_s62": -2043.489872998558,
        "C_cl1_quad2_8_d31": -1889.4709987631068,
        "C_cl1_quad2_8_d32": -2025.667379100807,
        "C_cl1_quad2_8_d31n": -2030.3474890096113,
        "C_cl1_quad2_8_d32n": -2006.8278751643375,
        "C_cl1_quad2_8_c2v": -2002.5430209478363,
        "C_cl1_quad2_8_c2h": -2024.6300435699522
    },
    "maxintangledev": {
        "C_cl1_quad2_8_d2": 5.307146160043999,
        "C_cl1_quad2_8_th1": 0.12944816230253764,
        "C_cl1_quad2_8_th2": 0.007192661624628727,
        "C_cl1_quad2_8_td": 0.7558532371861588,
        "C_cl1_quad2_8_tl": 1.2543877490326736,
        "C_cl1_quad2_8_s41": 1.2719865623603255,
        "C_cl1_quad2_8_s42": 0.6652957981720533,
        "C_cl1_quad2_8_s61": 0.3058687974850045,
        "C_cl1_quad2_8_s62": 0.38507398108396274,
        "C_cl1_quad2_8_d31": 2.4727101144726475,
        "C_cl1_quad2_8_d32": 0.04809642777507861,
        "C_cl1_quad2_8_d31n": 1.2237108300660111,
        "C_cl1_quad2_8_d32n": 0.6338135131742888,
        "C_cl1_quad2_8_c2v": 0.06573646642038966,
        "C_cl1_quad2_8_c2h": 0.7354099033341299
    }
}