{
    "octop": {
        "C_cl1_quad2_5_d2": 0.4515078240123714,
        "C_cl1_quad2_5_th1": 0.47669526829748243,
        "C_cl1_quad2_5_th2": 0.6684345224737268,
        "C_cl1_quad2_5_td": 0.5517574670524449,
        "C_cl1_quad2_5_tl": 0.42554421313463914,
        "C_cl1_quad2_5_s41": 0.4646972503339309,
        "C_cl1_quad2_5_s42": 0.5195362956305805,
        "C_cl1_quad2_5_s61": 0.47001979594533827,
        "C_cl1_quad2_5_s62": 0.44332143669694857,
        "C_cl1_quad2_5_d31": 0.5559977138788962,
        "C_cl1_quad2_5_d32": 0.48055202850440226,
        "C_cl1_quad2_5_d31n": 0.30242237425864743,
        "C_cl1_quad2_5_d32n": 0.44097997250546234,
        "C_cl1_quad2_5_c2v": 0.48749426357862957,
        "C_cl1_quad2_5_c2h": 0.42318900763391276
    },
    "m_cube_shape": {
        "C_cl1_quad2_5_d2": 0.883,
        "C_cl1_quad2_5_th1": 0.075,
        "C_cl1_quad2_5_th2": 0.022,
        "C_cl1_quad2_5_td": 0.359,
        "C_cl1_quad2_5_tl": 0.151,
        "C_cl1_quad2_5_s41": 0.336,
        "C_cl1_quad2_5_s42": 0.293,
        "C_cl1_quad2_5_s61": 0.249,
        "C_cl1_quad2_5_s62": 0.265,
        "C_cl1_quad2_5_d31": 1.219,
        "C_cl1_quad2_5_d32": 0.391,
        "C_cl1_quad2_5_d31n": 0.538,
        "C_cl1_quad2_5_d32n": 0.577,
        "C_cl1_quad2_5_c2v": 0.24,
        "C_cl1_quad2_5_c2h": 0.419
    },
    "lsesum": {
        "C_cl1_quad2_5_d2": 1697.2376214768155,
        "C_cl1_quad2_5_th1": 1845.4626211528666,
        "C_cl1_quad2_5_th2": 1860.8924708898994,
        "C_cl1_quad2_5_td": 1696.4681991864927,
        "C_cl1_quad2_5_tl": 1659.7151808780036,
        "C_cl1_quad2_5_s41": 1831.846998936322,
        "C_cl1_quad2_5_s42": 1843.8179375210311,
        "C_cl1_quad2_5_s61": 1720.5137265013764,
        "C_cl1_quad2_5_s62": 1741.9541791272932,
        "C_cl1_quad2_5_d31": 1856.366861218994,
        "C_cl1_quad2_5_d32": 1794.1885482640937,
        "C_cl1_quad2_5_d31n": 1694.0407845498412,
        "C_cl1_quad2_5_d32n": 1761.698676890228,
        "C_cl1_quad2_5_c2v": 1784.6565379945096,
        "C_cl1_quad2_5_c2h": 1706.5443520210683
    },
    "minitors": {
        "C_cl1_quad2_5_d2": 170.7258500348182,
        "C_cl1_quad2_5_th1": 170.93972207935127,
        "C_cl1_quad2_5_th2": 172.86521452325886,
        "C_cl1_quad2_5_td": 165.24664936366392,
        "C_cl1_quad2_5_tl": 172.34676631393862,
        "C_cl1_quad2_5_s41": 166.6457140062793,
        "C_cl1_quad2_5_s42": 163.01418900405668,
        "C_cl1_quad2_5_s61": 171.0053947882373,
        "C_cl1_quad2_5_s62": 172.41050185003235,
        "C_cl1_quad2_5_d31": 166.62727911722845,
        "C_cl1_quad2_5_d32": 167.59415582039387,
        "C_cl1_quad2_5_d31n": 168.18687163560463,
        "C_cl1_quad2_5_d32n": 164.61638175562692,
        "C_cl1_quad2_5_c2v": 172.49183279104324,
        "C_cl1_quad2_5_c2h": 169.62770073155286
    },
    "maxcrplan": {
        "C_cl1_quad2_5_d2": 140.90306487794012,
        "C_cl1_quad2_5_th1": 156.13321837056264,
        "C_cl1_quad2_5_th2": 66.9300538933383,
        "C_cl1_quad2_5_td": 150.05578481309345,
        "C_cl1_quad2_5_tl": 126.40334886570156,
        "C_cl1_quad2_5_s41": 109.20150770850451,
        "C_cl1_quad2_5_s42": 132.09111065441,
        "C_cl1_quad2_5_s61": 122.13342976882825,
        "C_cl1_quad2_5_s62": 76.68380492318649,
        "C_cl1_quad2_5_d31": 108.29845720499384,
        "C_cl1_quad2_5_d32": 70.21571975330143,
        "C_cl1_quad2_5_d31n": 85.59853906413596,
        "C_cl1_quad2_5_d32n": 91.78573805752717,
        "C_cl1_quad2_5_c2v": 164.67806324769623,
        "C_cl1_quad2_5_c2h": 88.04919811885318
    },
    "porediam": {
        "C_cl1_quad2_5_d2": 6.309417771626988,
        "C_cl1_quad2_5_th1": 6.448384563334702,
        "C_cl1_quad2_5_th2": 8.517632473203932,
        "C_cl1_quad2_5_td": 7.500274527331889,
        "C_cl1_quad2_5_tl": 8.05467614640752,
        "C_cl1_quad2_5_s41": 6.535021219631849,
        "C_cl1_quad2_5_s42": 5.3703921664351295,
        "C_cl1_quad2_5_s61": 6.767800401335522,
        "C_cl1_quad2_5_s62": 7.782930976773619,
        "C_cl1_quad2_5_d31": 6.27250919000994,
        "C_cl1_quad2_5_d32": 7.89699263483236,
        "C_cl1_quad2_5_d31n": 7.333555126558245,
        "C_cl1_quad2_5_d32n": 7.533887054936125,
        "C_cl1_quad2_5_c2v": 6.054824145651814,
        "C_cl1_quad2_5_c2h": 8.03659360108068
    },
    "maxMLlength": {
        "C_cl1_quad2_5_d2": 2.2455128367479893,
        "C_cl1_quad2_5_th1": 2.1647137224122734,
        "C_cl1_quad2_5_th2": 2.148501082150065,
        "C_cl1_quad2_5_td": 2.190780166972487,
        "C_cl1_quad2_5_tl": 2.220535298075669,
        "C_cl1_quad2_5_s41": 2.2521427485841117,
        "C_cl1_quad2_5_s42": 2.2264689847379415,
        "C_cl1_quad2_5_s61": 2.2026464173806923,
        "C_cl1_quad2_5_s62": 2.1891499925770272,
        "C_cl1_quad2_5_d31": 2.2010062925852814,
        "C_cl1_quad2_5_d32": 2.1982662395624417,
        "C_cl1_quad2_5_d31n": 2.2485969069622063,
        "C_cl1_quad2_5_d32n": 2.259285811932612,
        "C_cl1_quad2_5_c2v": 2.199570969530195,
        "C_cl1_quad2_5_c2h": 2.1744200169240524
    },
    "formatione": {
        "C_cl1_quad2_5_d2": -2149.0313061103225,
        "C_cl1_quad2_5_th1": -2053.483691206202,
        "C_cl1_quad2_5_th2": -2013.3018520679325,
        "C_cl1_quad2_5_td": -2180.571106022224,
        "C_cl1_quad2_5_tl": -2178.0575192337856,
        "C_cl1_quad2_5_s41": -2051.4993966612965,
        "C_cl1_quad2_5_s42": -2009.8281655032188,
        "C_cl1_quad2_5_s61": -2166.4628281947225,
        "C_cl1_quad2_5_s62": -2124.1010648161173,
        "C_cl1_quad2_5_d31": -2041.8589613279328,
        "C_cl1_quad2_5_d32": -2058.5029851654544,
        "C_cl1_quad2_5_d31n": -2162.407385341823,
        "C_cl1_quad2_5_d32n": -2088.0319485049695,
        "C_cl1_quad2_5_c2v": -2103.870681540109,
        "C_cl1_quad2_5_c2h": -2148.224806700833
    },
    "maxintangledev": {
        "C_cl1_quad2_5_d2": 4.444230719455902,
        "C_cl1_quad2_5_th1": 0.34273866859678037,
        "C_cl1_quad2_5_th2": 0.03064892815746134,
        "C_cl1_quad2_5_td": 1.8875613953793504,
        "C_cl1_quad2_5_tl": 0.643775031457551,
        "C_cl1_quad2_5_s41": 1.033278526852996,
        "C_cl1_quad2_5_s42": 0.8717276866287875,
        "C_cl1_quad2_5_s61": 0.6698390459297912,
        "C_cl1_quad2_5_s62": 0.46320827106461593,
        "C_cl1_quad2_5_d31": 2.1809011187350507,
        "C_cl1_quad2_5_d32": 0.6144517562812553,
        "C_cl1_quad2_5_d31n": 0.20872899042916515,
        "C_cl1_quad2_5_d32n": 0.2581928834199516,
        "C_cl1_quad2_5_c2v": 0.8083991965708606,
        "C_cl1_quad2_5_c2h": 1.7679851295797562
    }
}