{
    "octop": {
        "C_cl1_quad2_12_d2": 0.696042148816946,
        "C_cl1_quad2_12_th1": 0.6334886829145242,
        "C_cl1_quad2_12_th2": 0.6194299058924098,
        "C_cl1_quad2_12_td": 0.7069886178357677,
        "C_cl1_quad2_12_tl": 0.6769940737531159,
        "C_cl1_quad2_12_s41": 0.6170703844363162,
        "C_cl1_quad2_12_s42": 0.6117851108687716,
        "C_cl1_quad2_12_s61": 0.6041587918092277,
        "C_cl1_quad2_12_s62": 0.6535331311947686,
        "C_cl1_quad2_12_d31": 0.5944258910644599,
        "C_cl1_quad2_12_d32": 0.5890245485407464,
        "C_cl1_quad2_12_d31n": 0.7035327445580003,
        "C_cl1_quad2_12_d32n": 0.7060676206577855,
        "C_cl1_quad2_12_c2v": 0.6157308993066514,
        "C_cl1_quad2_12_c2h": 0.6290982458115562
    },
    "m_cube_shape": {
        "C_cl1_quad2_12_d2": 0.073,
        "C_cl1_quad2_12_th1": 0.12,
        "C_cl1_quad2_12_th2": 0.014,
        "C_cl1_quad2_12_td": 0.024,
        "C_cl1_quad2_12_tl": 0.051,
        "C_cl1_quad2_12_s41": 0.245,
        "C_cl1_quad2_12_s42": 0.175,
        "C_cl1_quad2_12_s61": 0.136,
        "C_cl1_quad2_12_s62": 0.013,
        "C_cl1_quad2_12_d31": 0.259,
        "C_cl1_quad2_12_d32": 0.676,
        "C_cl1_quad2_12_d31n": 0.279,
        "C_cl1_quad2_12_d32n": 0.339,
        "C_cl1_quad2_12_c2v": 0.199,
        "C_cl1_quad2_12_c2h": 0.037
    },
    "lsesum": {
        "C_cl1_quad2_12_d2": 1823.2028248353745,
        "C_cl1_quad2_12_th1": 2328.5852118167677,
        "C_cl1_quad2_12_th2": 1756.998542476038,
        "C_cl1_quad2_12_td": 1844.5154048255645,
        "C_cl1_quad2_12_tl": 1854.257106452249,
        "C_cl1_quad2_12_s41": 1903.5102462605573,
        "C_cl1_quad2_12_s42": 1943.6224695417332,
        "C_cl1_quad2_12_s61": 2133.1908086280455,
        "C_cl1_quad2_12_s62": 1846.4987230579718,
        "C_cl1_quad2_12_d31": 2072.2949867934803,
        "C_cl1_quad2_12_d32": 1746.1196776992292,
        "C_cl1_quad2_12_d31n": 1801.8346289651818,
        "C_cl1_quad2_12_d32n": 1809.5726545474608,
        "C_cl1_quad2_12_c2v": 1996.9511564120767,
        "C_cl1_quad2_12_c2h": 1993.0008447468863
    },
    "minitors": {
        "C_cl1_quad2_12_d2": 174.14944088674352,
        "C_cl1_quad2_12_th1": 164.5323211557564,
        "C_cl1_quad2_12_th2": 172.17493034641817,
        "C_cl1_quad2_12_td": 176.89450058328094,
        "C_cl1_quad2_12_tl": 173.52019162879836,
        "C_cl1_quad2_12_s41": 173.93401537527683,
        "C_cl1_quad2_12_s42": 167.05634263058516,
        "C_cl1_quad2_12_s61": 163.57167745825566,
        "C_cl1_quad2_12_s62": 172.6826132440533,
        "C_cl1_quad2_12_d31": 159.1151815672166,
        "C_cl1_quad2_12_d32": 171.5275174486471,
        "C_cl1_quad2_12_d31n": 176.23684847953803,
        "C_cl1_quad2_12_d32n": 176.0615976965142,
        "C_cl1_quad2_12_c2v": 169.63456371151347,
        "C_cl1_quad2_12_c2h": 169.34518876165512
    },
    "maxcrplan": {
        "C_cl1_quad2_12_d2": 78.4177623830963,
        "C_cl1_quad2_12_th1": 127.36374609582612,
        "C_cl1_quad2_12_th2": 84.08961191651767,
        "C_cl1_quad2_12_td": 79.81424130973,
        "C_cl1_quad2_12_tl": 92.99460124159181,
        "C_cl1_quad2_12_s41": 94.10627903370681,
        "C_cl1_quad2_12_s42": 104.79011272552503,
        "C_cl1_quad2_12_s61": 109.62131584467197,
        "C_cl1_quad2_12_s62": 88.19797473601254,
        "C_cl1_quad2_12_d31": 113.84522398420157,
        "C_cl1_quad2_12_d32": 89.47467390252397,
        "C_cl1_quad2_12_d31n": 79.43756896697336,
        "C_cl1_quad2_12_d32n": 93.49446225453646,
        "C_cl1_quad2_12_c2v": 112.56853990940063,
        "C_cl1_quad2_12_c2h": 94.57767931474518
    },
    "porediam": {
        "C_cl1_quad2_12_d2": 11.59679541845135,
        "C_cl1_quad2_12_th1": 11.2953605997648,
        "C_cl1_quad2_12_th2": 13.43008301151029,
        "C_cl1_quad2_12_td": 11.811524941645574,
        "C_cl1_quad2_12_tl": 12.123404371638639,
        "C_cl1_quad2_12_s41": 11.975453648910303,
        "C_cl1_quad2_12_s42": 11.587716618616552,
        "C_cl1_quad2_12_s61": 12.073921773755028,
        "C_cl1_quad2_12_s62": 12.531400918622834,
        "C_cl1_quad2_12_d31": 11.662975082498372,
        "C_cl1_quad2_12_d32": 12.57419359142885,
        "C_cl1_quad2_12_d31n": 11.569925102861005,
        "C_cl1_quad2_12_d32n": 10.974078326839612,
        "C_cl1_quad2_12_c2v": 12.410807099349757,
        "C_cl1_quad2_12_c2h": 11.948795096892244
    },
    "maxMLlength": {
        "C_cl1_quad2_12_d2": 2.177381553609748,
        "C_cl1_quad2_12_th1": 2.1790503757371,
        "C_cl1_quad2_12_th2": 2.189791069942518,
        "C_cl1_quad2_12_td": 2.162640467114217,
        "C_cl1_quad2_12_tl": 2.1734028733762183,
        "C_cl1_quad2_12_s41": 2.1848186423591325,
        "C_cl1_quad2_12_s42": 2.180682711904692,
        "C_cl1_quad2_12_s61": 2.194723814059528,
        "C_cl1_quad2_12_s62": 2.183186501424009,
        "C_cl1_quad2_12_d31": 2.218961290784496,
        "C_cl1_quad2_12_d32": 2.186815156797666,
        "C_cl1_quad2_12_d31n": 2.16231871378851,
        "C_cl1_quad2_12_d32n": 2.1658259463770397,
        "C_cl1_quad2_12_c2v": 2.1948637907624247,
        "C_cl1_quad2_12_c2h": 2.1760951909326027
    },
    "formatione": {
        "C_cl1_quad2_12_d2": -2016.8415542338043,
        "C_cl1_quad2_12_th1": -1528.8676286665723,
        "C_cl1_quad2_12_th2": -2062.7687638457865,
        "C_cl1_quad2_12_td": -1995.6650733724236,
        "C_cl1_quad2_12_tl": -1996.3724695080891,
        "C_cl1_quad2_12_s41": -1947.1921481546015,
        "C_cl1_quad2_12_s42": -1896.6984983282164,
        "C_cl1_quad2_12_s61": -1722.7254910357296,
        "C_cl1_quad2_12_s62": -1971.0058580189943,
        "C_cl1_quad2_12_d31": -1775.4201208502054,
        "C_cl1_quad2_12_d32": -2082.711446231231,
        "C_cl1_quad2_12_d31n": -2035.6252628881484,
        "C_cl1_quad2_12_d32n": -2056.2091646268964,
        "C_cl1_quad2_12_c2v": -1853.0875871051103,
        "C_cl1_quad2_12_c2h": -1832.246243417263
    },
    "maxintangledev": {
        "C_cl1_quad2_12_d2": 0.06819882216598216,
        "C_cl1_quad2_12_th1": 0.09527161218795754,
        "C_cl1_quad2_12_th2": 0.009862089430896503,
        "C_cl1_quad2_12_td": 0.10098720986411536,
        "C_cl1_quad2_12_tl": 0.18105623535461746,
        "C_cl1_quad2_12_s41": 0.10158691925778385,
        "C_cl1_quad2_12_s42": 0.03555034211291286,
        "C_cl1_quad2_12_s61": 0.25589449785513807,
        "C_cl1_quad2_12_s62": 0.028953644502507814,
        "C_cl1_quad2_12_d31": 0.059762358347029476,
        "C_cl1_quad2_12_d32": 0.08987454922578308,
        "C_cl1_quad2_12_d31n": 0.025058094803341646,
        "C_cl1_quad2_12_d32n": 0.08554680495831235,
        "C_cl1_quad2_12_c2v": 0.11963725250700463,
        "C_cl1_quad2_12_c2h": 0.013341044648370826
    }
}