{
    "octop": {
        "C_cl1_quad2_16_d2": 0.47805317532814995,
        "C_cl1_quad2_16_th1": 0.6152936318377169,
        "C_cl1_quad2_16_th2": 0.5972398743207659,
        "C_cl1_quad2_16_td": 0.45092307734822507,
        "C_cl1_quad2_16_tl": 0.44815453722671633,
        "C_cl1_quad2_16_s41": 0.5021120923215977,
        "C_cl1_quad2_16_s42": 0.3978155872131547,
        "C_cl1_quad2_16_s61": 0.4396809556699427,
        "C_cl1_quad2_16_s62": 0.4452728130238262,
        "C_cl1_quad2_16_d31": 0.5365410226156999,
        "C_cl1_quad2_16_d32": 0.5835446563809745,
        "C_cl1_quad2_16_d31n": 0.5698261480419949,
        "C_cl1_quad2_16_d32n": 0.4973892177904514,
        "C_cl1_quad2_16_c2v": 0.5562009394490224,
        "C_cl1_quad2_16_c2h": 0.4719337097686865
    },
    "m_cube_shape": {
        "C_cl1_quad2_16_d2": 6.374,
        "C_cl1_quad2_16_th1": 0.364,
        "C_cl1_quad2_16_th2": 0.299,
        "C_cl1_quad2_16_td": 0.367,
        "C_cl1_quad2_16_tl": 0.506,
        "C_cl1_quad2_16_s41": 2.466,
        "C_cl1_quad2_16_s42": 4.336,
        "C_cl1_quad2_16_s61": 0.56,
        "C_cl1_quad2_16_s62": 0.484,
        "C_cl1_quad2_16_d31": 9.061,
        "C_cl1_quad2_16_d32": 3.426,
        "C_cl1_quad2_16_d31n": 6.441,
        "C_cl1_quad2_16_d32n": 8.868,
        "C_cl1_quad2_16_c2v": 0.198,
        "C_cl1_quad2_16_c2h": 0.68
    },
    "lsesum": {
        "C_cl1_quad2_16_d2": 1963.2899212770863,
        "C_cl1_quad2_16_th1": 2164.3719791293843,
        "C_cl1_quad2_16_th2": 1746.8558606897714,
        "C_cl1_quad2_16_td": 1926.4054692518548,
        "C_cl1_quad2_16_tl": 1941.4477148643928,
        "C_cl1_quad2_16_s41": 2018.2336801693891,
        "C_cl1_quad2_16_s42": 2033.840088209894,
        "C_cl1_quad2_16_s61": 2083.2380019529373,
        "C_cl1_quad2_16_s62": 1865.657133204746,
        "C_cl1_quad2_16_d31": 2087.3495328393183,
        "C_cl1_quad2_16_d32": 1774.942945120507,
        "C_cl1_quad2_16_d31n": 1876.9839100485551,
        "C_cl1_quad2_16_d32n": 1968.2350667947321,
        "C_cl1_quad2_16_c2v": 1982.5721176446532,
        "C_cl1_quad2_16_c2h": 1952.5778834404773
    },
    "minitors": {
        "C_cl1_quad2_16_d2": 170.15639247632043,
        "C_cl1_quad2_16_th1": 174.38993370176155,
        "C_cl1_quad2_16_th2": 170.8775685661178,
        "C_cl1_quad2_16_td": 172.10301518582264,
        "C_cl1_quad2_16_tl": 171.6805221082187,
        "C_cl1_quad2_16_s41": 168.65872626782283,
        "C_cl1_quad2_16_s42": 158.01156269254577,
        "C_cl1_quad2_16_s61": 172.94051926776416,
        "C_cl1_quad2_16_s62": 168.8724904745778,
        "C_cl1_quad2_16_d31": 166.54081989689172,
        "C_cl1_quad2_16_d32": 168.61882225103992,
        "C_cl1_quad2_16_d31n": 167.2406134067039,
        "C_cl1_quad2_16_d32n": 162.58072990316762,
        "C_cl1_quad2_16_c2v": 170.5881679054981,
        "C_cl1_quad2_16_c2h": 170.85686064641442
    },
    "maxcrplan": {
        "C_cl1_quad2_16_d2": 336.3458224522283,
        "C_cl1_quad2_16_th1": 233.36171933204585,
        "C_cl1_quad2_16_th2": 78.38554227148856,
        "C_cl1_quad2_16_td": 217.69866591471148,
        "C_cl1_quad2_16_tl": 239.4077176498489,
        "C_cl1_quad2_16_s41": 175.60311523710774,
        "C_cl1_quad2_16_s42": 168.17891128672588,
        "C_cl1_quad2_16_s61": 193.77126379007709,
        "C_cl1_quad2_16_s62": 107.53390828778691,
        "C_cl1_quad2_16_d31": 202.42671355759558,
        "C_cl1_quad2_16_d32": 115.82943090172974,
        "C_cl1_quad2_16_d31n": 206.4070185795194,
        "C_cl1_quad2_16_d32n": 111.7940011344244,
        "C_cl1_quad2_16_c2v": 271.5330022113638,
        "C_cl1_quad2_16_c2h": 163.85760636558882
    },
    "porediam": {
        "C_cl1_quad2_16_d2": 3.2281013722330028,
        "C_cl1_quad2_16_th1": 4.035848764566408,
        "C_cl1_quad2_16_th2": 6.588476130819155,
        "C_cl1_quad2_16_td": 3.8051874672664447,
        "C_cl1_quad2_16_tl": 4.696205987248604,
        "C_cl1_quad2_16_s41": 4.31053595517931,
        "C_cl1_quad2_16_s42": 5.268730991051807,
        "C_cl1_quad2_16_s61": 4.14473535305849,
        "C_cl1_quad2_16_s62": 5.6899409890110935,
        "C_cl1_quad2_16_d31": 3.9559472441822474,
        "C_cl1_quad2_16_d32": 8.507133709566453,
        "C_cl1_quad2_16_d31n": 5.70395233062384,
        "C_cl1_quad2_16_d32n": 6.327385316982124,
        "C_cl1_quad2_16_c2v": 4.974781662893875,
        "C_cl1_quad2_16_c2h": 4.322088665260283
    },
    "maxMLlength": {
        "C_cl1_quad2_16_d2": 2.2317404799841762,
        "C_cl1_quad2_16_th1": 2.1820287486648753,
        "C_cl1_quad2_16_th2": 2.2246402540635644,
        "C_cl1_quad2_16_td": 2.209315536540672,
        "C_cl1_quad2_16_tl": 2.2460966742328794,
        "C_cl1_quad2_16_s41": 2.2480522458341574,
        "C_cl1_quad2_16_s42": 2.25902974526676,
        "C_cl1_quad2_16_s61": 2.221130905642439,
        "C_cl1_quad2_16_s62": 2.2312394537565883,
        "C_cl1_quad2_16_d31": 2.1899710820008567,
        "C_cl1_quad2_16_d32": 2.2130080094748874,
        "C_cl1_quad2_16_d31n": 2.212307996188596,
        "C_cl1_quad2_16_d32n": 2.1939000091161867,
        "C_cl1_quad2_16_c2v": 2.226134791516453,
        "C_cl1_quad2_16_c2h": 2.2468573363700686
    },
    "formatione": {
        "C_cl1_quad2_16_d2": -1996.2041961178184,
        "C_cl1_quad2_16_th1": -1916.2177394293249,
        "C_cl1_quad2_16_th2": -2224.798417081125,
        "C_cl1_quad2_16_td": -2118.5811100956053,
        "C_cl1_quad2_16_tl": -2088.782804630697,
        "C_cl1_quad2_16_s41": -1985.1443464159966,
        "C_cl1_quad2_16_s42": -1839.3571119196713,
        "C_cl1_quad2_16_s61": -1985.0378271844238,
        "C_cl1_quad2_16_s62": -2116.8673415854573,
        "C_cl1_quad2_16_d31": -1979.8719394598156,
        "C_cl1_quad2_16_d32": -2085.830411236733,
        "C_cl1_quad2_16_d31n": -2078.3326028911397,
        "C_cl1_quad2_16_d32n": -1951.532805616036,
        "C_cl1_quad2_16_c2v": -2023.6329025812447,
        "C_cl1_quad2_16_c2h": -2106.3636439498514
    },
    "maxintangledev": {
        "C_cl1_quad2_16_d2": 43.414892137368156,
        "C_cl1_quad2_16_th1": 0.6733779245597589,
        "C_cl1_quad2_16_th2": 0.043117964435623435,
        "C_cl1_quad2_16_td": 0.9932140151674957,
        "C_cl1_quad2_16_tl": 3.415792721959292,
        "C_cl1_quad2_16_s41": 6.222771160961372,
        "C_cl1_quad2_16_s42": 2.2433854297193534,
        "C_cl1_quad2_16_s61": 2.6327194679020067,
        "C_cl1_quad2_16_s62": 0.28764821214986114,
        "C_cl1_quad2_16_d31": 17.02726354958503,
        "C_cl1_quad2_16_d32": 2.3505166424527033,
        "C_cl1_quad2_16_d31n": 11.436612114925538,
        "C_cl1_quad2_16_d32n": 8.429971260041043,
        "C_cl1_quad2_16_c2v": 0.44761262385179634,
        "C_cl1_quad2_16_c2h": 0.11736573872144618
    }
}